date, tBidSz, tBid, tAsk, tAskSz, fvTurn, trdPrc, trdSz, onBidSz, onAskSz, time, anchor(4), event, turnMove, fvSpot, spotMove, delta, upDelta, sumUpDelta(10), avgUp(10), up(10)from, sumUpDelta(20), avgUp(20), up(20)from, dnDelta, sumDnDelta(10), avgDn(10), dn(10)from, sumDnDelta(20), avgDn(20), dn(20)from, upCnt, totSumUp, totAvgUp, totUpFrom, dnCnt, totSumDn, totAvgDn, totDnFrom, 
20140815, 425, 195750, 195775, 491, 195762,  ,  , 0, 0, 9:21:48.0, 195750, init, 0, 14.545, 0, 0, 0, 0, 0, 0:0:0.0, 0, 0, 0:0:0.0,  , 0, 0, 0:0:0.0, 0, 0, 0:0:0.0, 0, 0, 0, 0:0:0.0, 0, 0, 0, 0:0:0.0, 
20140815, 89, 195850, 195875, 367, 195855,  ,  , 134, 4844, 9:28:6.0, 195850, up, 1, 14.5452, 0.00340484, -0.00340484, -0.00340484, -0.00340484, 0, 0:0:0.0, -0.00340484, 0, 0:0:0.0,  , 0, 0, 0:0:0.0, 0, 0, 0:0:0.0, 1, -0.00340484, -0.00340484, 9:28:6.0, 0, 0, 0, 0:0:0.0, 
20140815, 778, 195725, 195750, 14, 195750,  ,  , 28354, 37789, 9:40:0.0, 195750, dn, -1, 14.5794, 0.684116, 0.684116,  , -0.00340484, 0, 0:0:0.0, -0.00340484, 0, 0:0:0.0, 0.684116, 0.684116, 0, 0:0:0.0, 0.684116, 0, 0:0:0.0, 1, -0.00340484, -0.00340484, 9:28:6.0, 1, 0.684116, 0.684116, 9:40:0.0, 
20140815, 758, 195625, 195650, 312, 195643,  ,  , 39231, 47562, 9:43:51.0, 195650, dn, -1, 14.605, 0.512088, 0.512088,  , -0.00340484, 0, 0:0:0.0, -0.00340484, 0, 0:0:0.0, 0.512088, 1.1962, 0, 0:0:0.0, 1.1962, 0, 0:0:0.0, 1, -0.00340484, -0.00340484, 9:28:6.0, 2, 1.1962, 0.598102, 9:40:0.0, 
20140815, 238, 195750, 195775, 1105, 195754,  ,  , 39452, 64758, 9:49:22.0, 195750, up, 1, 14.5607, -0.886702, 0.886702, 0.886702, 0.883297, 0, 0:0:0.0, 0.883297, 0, 0:0:0.0,  , 1.1962, 0, 0:0:0.0, 1.1962, 0, 0:0:0.0, 2, 0.883297, 0.441649, 9:28:6.0, 2, 1.1962, 0.598102, 9:40:0.0, 
20140815, 102, 195850, 195875, 593, 195854,  ,  , 48234, 69718, 9:53:43.0, 195850, up, 1, 14.5452, -0.309607, 0.309607, 0.309607, 1.1929, 0, 0:0:0.0, 1.1929, 0, 0:0:0.0,  , 1.1962, 0, 0:0:0.0, 1.1962, 0, 0:0:0.0, 3, 1.1929, 0.397635, 9:28:6.0, 2, 1.1962, 0.598102, 9:40:0.0, 
20140815, 82, 195950, 195975, 943, 195952,  ,  , 62400, 84091, 10:4:1.0, 195950, up, 1, 14.5039, -0.825162, 0.825162, 0.825162, 2.01807, 0, 0:0:0.0, 2.01807, 0, 0:0:0.0,  , 1.1962, 0, 0:0:0.0, 1.1962, 0, 0:0:0.0, 4, 2.01807, 0.504517, 9:28:6.0, 2, 1.1962, 0.598102, 9:40:0.0, 
20140815, 777, 195825, 195850, 7, 195850,  ,  , 77533, 102685, 10:15:9.0, 195850, dn, -1, 14.5306, 0.533789, 0.533789,  , 2.01807, 0, 0:0:0.0, 2.01807, 0, 0:0:0.0, 0.533789, 1.72999, 0, 0:0:0.0, 1.72999, 0, 0:0:0.0, 4, 2.01807, 0.504517, 9:28:6.0, 3, 1.72999, 0.576664, 9:40:0.0, 
20140815, 409, 195950, 195975, 823, 195958,  ,  , 83593, 110457, 10:18:38.0, 195950, up, 1, 14.5017, -0.579029, 0.579029, 0.579029, 2.59709, 0, 0:0:0.0, 2.59709, 0, 0:0:0.0,  , 1.72999, 0, 0:0:0.0, 1.72999, 0, 0:0:0.0, 5, 2.59709, 0.519419, 9:28:6.0, 3, 1.72999, 0.576664, 9:40:0.0, 
20140815, 236, 196050, 196075, 849, 196055,  ,  , 102286, 120148, 10:31:40.0, 196050, up, 1, 14.4712, -0.609085, 0.609085, 0.609085, 3.20618, 0, 0:0:0.0, 3.20618, 0, 0:0:0.0,  , 1.72999, 0, 0:0:0.0, 1.72999, 0, 0:0:0.0, 6, 3.20618, 0.534363, 9:28:6.0, 3, 1.72999, 0.576664, 9:40:0.0, 
20140815, 956, 195925, 195950, 293, 195944,  ,  , 118894, 127053, 10:40:15.0, 195950, dn, -1, 14.484, 0.255152, 0.255152,  , 3.20618, 0, 0:0:0.0, 3.20618, 0, 0:0:0.0, 0.255152, 1.98515, 0, 0:0:0.0, 1.98515, 0, 0:0:0.0, 6, 3.20618, 0.534363, 9:28:6.0, 4, 1.98515, 0.496286, 9:40:0.0, 
20140815, 790, 195825, 195850, 140, 195846,  ,  , 123264, 127706, 10:40:44.0, 195850, dn, -1, 14.5083, 0.486434, 0.486434,  , 3.20618, 0, 0:0:0.0, 3.20618, 0, 0:0:0.0, 0.486434, 2.47158, 0, 0:0:0.0, 2.47158, 0, 0:0:0.0, 6, 3.20618, 0.534363, 9:28:6.0, 5, 2.47158, 0.494316, 9:40:0.0, 
20140815, 864, 195725, 195750, 100, 195747,  ,  , 133004, 130377, 10:41:48.0, 195750, dn, -1, 14.5384, 0.601076, 0.601076,  , 3.20618, 0, 0:0:0.0, 3.20618, 0, 0:0:0.0, 0.601076, 3.07266, 0, 0:0:0.0, 3.07266, 0, 0:0:0.0, 6, 3.20618, 0.534363, 9:28:6.0, 6, 3.07266, 0.512109, 9:40:0.0, 
20140815, 799, 195625, 195650, 89, 195647,  ,  , 137625, 134212, 10:42:26.0, 195650, dn, -1, 14.5429, 0.0903539, 0.0903539,  , 3.20618, 0, 0:0:0.0, 3.20618, 0, 0:0:0.0, 0.0903539, 3.16301, 0, 0:0:0.0, 3.16301, 0, 0:0:0.0, 6, 3.20618, 0.534363, 9:28:6.0, 7, 3.16301, 0.451858, 9:40:0.0, 
20140815, 916, 195525, 195550, 145, 195547,  ,  , 144244, 137160, 10:42:54.0, 195550, dn, -1, 14.5905, 0.952806, 0.952806,  , 3.20618, 0, 0:0:0.0, 3.20618, 0, 0:0:0.0, 0.952806, 4.11581, 0, 0:0:0.0, 4.11581, 0, 0:0:0.0, 6, 3.20618, 0.534363, 9:28:6.0, 8, 4.11581, 0.514477, 9:40:0.0, 
20140815, 168, 195650, 195675, 229, 195661,  ,  , 144671, 142811, 10:43:18.0, 195650, up, 1, 14.5754, -0.302218, 0.302218, 0.302218, 3.5084, 0, 0:0:0.0, 3.5084, 0, 0:0:0.0,  , 4.11581, 0, 0:0:0.0, 4.11581, 0, 0:0:0.0, 7, 3.5084, 0.5012, 9:28:6.0, 8, 4.11581, 0.514477, 9:40:0.0, 
20140815, 685, 195525, 195550, 1066, 195535,  ,  , 149642, 151613, 10:44:14.0, 195550, dn, -1, 14.5899, 0.290038, 0.290038,  , 3.5084, 0, 0:0:0.0, 3.5084, 0, 0:0:0.0, 0.290038, 4.40585, 0, 0:0:0.0, 4.40585, 0, 0:0:0.0, 7, 3.5084, 0.5012, 9:28:6.0, 9, 4.40585, 0.489539, 9:40:0.0, 
20140815, 703, 195425, 195450, 111, 195447,  ,  , 157225, 154271, 10:44:38.0, 195450, dn, -1, 14.6074, 0.349623, 0.349623,  , 3.5084, 0, 0:0:0.0, 3.5084, 0, 0:0:0.0, 0.349623, 4.75548, 0.475548, 9:40:0.0, 4.75548, 0, 0:0:0.0, 7, 3.5084, 0.5012, 9:28:6.0, 10, 4.75548, 0.475548, 9:40:0.0, 
20140815, 603, 195325, 195350, 257, 195343,  ,  , 168695, 157679, 10:45:6.0, 195350, dn, -1, 14.6686, 1.22454, 1.22454,  , 3.5084, 0, 0:0:0.0, 3.5084, 0, 0:0:0.0, 1.22454, 5.2959, 0.52959, 9:43:51.0, 5.98002, 0, 0:0:0.0, 7, 3.5084, 0.5012, 9:28:6.0, 11, 5.98002, 0.543638, 9:40:0.0, 
20140815, 18, 195450, 195475, 454, 195451,  ,  , 168731, 163111, 10:45:24.0, 195450, up, 1, 14.643, -0.512093, 0.512093, 0.512093, 4.02049, 0, 0:0:0.0, 4.02049, 0, 0:0:0.0,  , 5.2959, 0.52959, 9:43:51.0, 5.98002, 0, 0:0:0.0, 8, 4.02049, 0.502561, 9:28:6.0, 11, 5.98002, 0.543638, 9:40:0.0, 
20140815, 714, 195325, 195350, 64, 195348,  ,  , 175998, 167457, 10:46:32.0, 195350, dn, -1, 14.6923, 0.984735, 0.984735,  , 4.02049, 0, 0:0:0.0, 4.02049, 0, 0:0:0.0, 0.984735, 5.76855, 0.576855, 10:15:9.0, 6.96475, 0, 0:0:0.0, 8, 4.02049, 0.502561, 9:28:6.0, 12, 6.96475, 0.580396, 9:40:0.0, 
20140815, 150, 195225, 195250, 20, 195247,  ,  , 179660, 168568, 10:46:40.0, 195250, dn, -1, 14.7076, 0.306077, 0.306077,  , 4.02049, 0, 0:0:0.0, 4.02049, 0, 0:0:0.0, 0.306077, 5.54083, 0.554083, 10:40:15.0, 7.27083, 0, 0:0:0.0, 8, 4.02049, 0.502561, 9:28:6.0, 13, 7.27083, 0.559294, 9:40:0.0, 
20140815, 545, 195125, 195150, 474, 195138,  ,  , 193739, 170542, 10:47:21.0, 195150, dn, -1, 14.7868, 1.58422, 1.58422,  , 4.02049, 0, 0:0:0.0, 4.02049, 0, 0:0:0.0, 1.58422, 6.8699, 0.68699, 10:40:44.0, 8.85505, 0, 0:0:0.0, 8, 4.02049, 0.502561, 9:28:6.0, 14, 8.85505, 0.632504, 9:40:0.0, 
20140815, 141, 195250, 195275, 644, 195254,  ,  , 194085, 172882, 10:47:32.0, 195250, up, 1, 14.7617, -0.501326, 0.501326, 0.501326, 4.52182, 0, 0:0:0.0, 4.52182, 0, 0:0:0.0,  , 6.8699, 0.68699, 10:40:44.0, 8.85505, 0, 0:0:0.0, 9, 4.52182, 0.502424, 9:28:6.0, 14, 8.85505, 0.632504, 9:40:0.0, 
20140815, 299, 195350, 195375, 481, 195360,  ,  , 194388, 176778, 10:47:51.0, 195350, up, 1, 14.6959, -1.31512, 1.31512, 1.31512, 5.83694, 0.583694, 9:28:6.0, 5.83694, 0, 0:0:0.0,  , 6.8699, 0.68699, 10:40:44.0, 8.85505, 0, 0:0:0.0, 10, 5.83694, 0.583694, 9:28:6.0, 14, 8.85505, 0.632504, 9:40:0.0, 
20140815, 507, 195225, 195250, 168, 195244,  ,  , 203348, 187399, 10:49:44.0, 195250, dn, -1, 14.751, 1.1017, 1.1017,  , 5.83694, 0.583694, 9:28:6.0, 5.83694, 0, 0:0:0.0, 1.1017, 7.48517, 0.748517, 10:41:48.0, 9.95675, 0, 0:0:0.0, 10, 5.83694, 0.583694, 9:28:6.0, 15, 9.95675, 0.663783, 9:40:0.0, 
20140815, 514, 195125, 195150, 138, 195145,  ,  , 210857, 196987, 10:51:1.0, 195150, dn, -1, 14.8025, 1.02878, 1.02878,  , 5.83694, 0.583694, 9:28:6.0, 5.83694, 0, 0:0:0.0, 1.02878, 7.91288, 0.791288, 10:42:26.0, 10.9855, 0, 0:0:0.0, 10, 5.83694, 0.583694, 9:28:6.0, 16, 10.9855, 0.686596, 9:40:0.0, 
20140815, 667, 195250, 195275, 297, 195267,  ,  , 212506, 201212, 10:51:28.0, 195250, up, 1, 14.7696, -0.656857, 0.656857, 0.656857, 6.4972, 0.64972, 9:49:22.0, 6.4938, 0, 0:0:0.0,  , 7.91288, 0.791288, 10:42:26.0, 10.9855, 0, 0:0:0.0, 11, 6.4938, 0.590345, 9:28:6.0, 16, 10.9855, 0.686596, 9:40:0.0, 
20140815, 445, 195125, 195150, 5, 195150,  ,  , 217521, 202912, 10:51:56.0, 195150, dn, -1, 14.8036, 0.680121, 0.680121,  , 6.4972, 0.64972, 9:49:22.0, 6.4938, 0, 0:0:0.0, 0.680121, 8.50264, 0.850264, 10:42:54.0, 11.6657, 0, 0:0:0.0, 11, 6.4938, 0.590345, 9:28:6.0, 17, 11.6657, 0.686215, 9:40:0.0, 
20140815, 540, 195025, 195050, 557, 195037,  ,  , 226460, 211975, 10:53:2.0, 195050, dn, -1, 14.8074, 0.0755469, 0.0755469,  , 6.4972, 0.64972, 9:49:22.0, 6.4938, 0, 0:0:0.0, 0.0755469, 7.62538, 0.762538, 10:44:14.0, 11.7412, 0, 0:0:0.0, 11, 6.4938, 0.590345, 9:28:6.0, 18, 11.7412, 0.652289, 9:40:0.0, 
20140815, 583, 194925, 194950, 599, 194937,  ,  , 234719, 213473, 10:53:28.0, 194950, dn, -1, 14.8887, 1.62598, 1.62598,  , 6.4972, 0.64972, 9:49:22.0, 6.4938, 0, 0:0:0.0, 1.62598, 8.96133, 0.896133, 10:44:38.0, 13.3672, 0, 0:0:0.0, 11, 6.4938, 0.590345, 9:28:6.0, 19, 13.3672, 0.703536, 9:40:0.0, 
20140815, 781, 194825, 194850, 93, 194847,  ,  , 237551, 214194, 10:53:32.0, 194850, dn, -1, 14.9028, 0.282801, 0.282801,  , 6.4972, 0.64972, 9:49:22.0, 6.4938, 0, 0:0:0.0, 0.282801, 8.89451, 0.889451, 10:45:6.0, 13.65, 0.682499, 9:40:0.0, 11, 6.4938, 0.590345, 9:28:6.0, 20, 13.65, 0.682499, 9:40:0.0, 
20140815, 616, 194725, 194750, 98, 194747,  ,  , 246661, 228696, 10:54:37.0, 194750, dn, -1, 14.9587, 1.11676, 1.11676,  , 6.4972, 0.64972, 9:49:22.0, 6.4938, 0, 0:0:0.0, 1.11676, 8.78673, 0.878673, 10:46:32.0, 14.0826, 0.704132, 9:43:51.0, 11, 6.4938, 0.590345, 9:28:6.0, 21, 14.7667, 0.703178, 9:40:0.0, 
20140815, 487, 194625, 194650, 366, 194639,  ,  , 252461, 234857, 10:55:14.0, 194650, dn, -1, 15.0465, 1.75586, 1.75586,  , 6.4972, 0.64972, 9:49:22.0, 6.4938, 0, 0:0:0.0, 1.75586, 9.55786, 0.955786, 10:46:40.0, 15.3264, 0.76632, 10:15:9.0, 11, 6.4938, 0.590345, 9:28:6.0, 22, 16.5226, 0.751028, 9:40:0.0, 
20140815, 376, 194500, 194525, 1078, 194506,  ,  , 256284, 235884, 10:55:24.0, 194525, dn, -1.25, 15.0726, 0.521688, 0.41735,  , 6.4972, 0.64972, 9:49:22.0, 6.4938, 0, 0:0:0.0, 0.41735, 9.66913, 0.966913, 10:47:21.0, 15.21, 0.760498, 10:40:15.0, 11, 6.4938, 0.590345, 9:28:6.0, 23, 16.94, 0.73652, 9:40:0.0, 
20140815, 367, 194400, 194425, 131, 194418,  ,  , 259497, 236605, 10:55:28.0, 194425, dn, -1, 15.1126, 0.80003, 0.80003,  , 6.4972, 0.64972, 9:49:22.0, 6.4938, 0, 0:0:0.0, 0.80003, 8.88494, 0.888494, 10:49:44.0, 15.7548, 0.787742, 10:40:44.0, 11, 6.4938, 0.590345, 9:28:6.0, 24, 17.74, 0.739166, 9:40:0.0, 
20140815, 334, 194275, 194300, 568, 194284,  ,  , 263093, 237521, 10:55:32.0, 194300, dn, -1.25, 15.1458, 0.66533, 0.532264,  , 6.4972, 0.64972, 9:49:22.0, 6.4938, 0, 0:0:0.0, 0.532264, 8.3155, 0.83155, 10:51:1.0, 15.8007, 0.790034, 10:41:48.0, 11, 6.4938, 0.590345, 9:28:6.0, 25, 18.2723, 0.73089, 9:40:0.0, 
20140815, 176, 194175, 194200, 139, 194189,  ,  , 266189, 238474, 10:55:34.0, 194200, dn, -1, 15.1701, 0.485057, 0.485057,  , 6.4972, 0.64972, 9:49:22.0, 6.4938, 0, 0:0:0.0, 0.485057, 7.77178, 0.777178, 10:51:56.0, 15.6847, 0.784233, 10:42:26.0, 11, 6.4938, 0.590345, 9:28:6.0, 26, 18.7573, 0.721435, 9:40:0.0, 
20140815, 124, 194300, 194325, 330, 194307,  ,  , 266732, 241637, 10:55:38.0, 194300, up, 1, 15.1365, -0.671508, 0.671508, 0.671508, 6.28201, 0.628201, 9:53:43.0, 7.16531, 0, 0:0:0.0,  , 7.77178, 0.777178, 10:51:56.0, 15.6847, 0.784233, 10:42:26.0, 12, 7.16531, 0.597109, 9:28:6.0, 26, 18.7573, 0.721435, 9:40:0.0, 
20140815, 190, 194400, 194425, 339, 194409,  ,  , 284419, 247066, 10:56:28.0, 194400, up, 1, 15.0949, -0.832012, 0.832012, 0.832012, 6.80441, 0.680441, 10:4:1.0, 7.99732, 0, 0:0:0.0,  , 7.77178, 0.777178, 10:51:56.0, 15.6847, 0.784233, 10:42:26.0, 13, 7.99732, 0.615178, 9:28:6.0, 26, 18.7573, 0.721435, 9:40:0.0, 
20140815, 141, 194500, 194525, 765, 194504,  ,  , 289190, 250481, 10:56:47.0, 194500, up, 1, 15.0832, -0.234225, 0.234225, 0.234225, 6.21348, 0.621348, 10:18:38.0, 8.23154, 0, 0:0:0.0,  , 7.77178, 0.777178, 10:51:56.0, 15.6847, 0.784233, 10:42:26.0, 14, 8.23154, 0.587967, 9:28:6.0, 26, 18.7573, 0.721435, 9:40:0.0, 
20140815, 91, 194600, 194625, 304, 194606,  ,  , 290055, 257226, 10:56:59.0, 194600, up, 1, 15.0535, -0.593011, 0.593011, 0.593011, 6.22746, 0.622746, 10:31:40.0, 8.82455, 0, 0:0:0.0,  , 7.77178, 0.777178, 10:51:56.0, 15.6847, 0.784233, 10:42:26.0, 15, 8.82455, 0.588304, 9:28:6.0, 26, 18.7573, 0.721435, 9:40:0.0, 
20140815, 331, 194475, 194500, 9, 194499,  ,  , 294543, 257245, 10:57:8.0, 194500, dn, -1, 15.0611, 0.151254, 0.151254,  , 6.22746, 0.622746, 10:31:40.0, 8.82455, 0, 0:0:0.0, 0.151254, 7.24291, 0.724291, 10:53:2.0, 15.7456, 0.787278, 10:42:54.0, 15, 8.82455, 0.588304, 9:28:6.0, 27, 18.9086, 0.700317, 9:40:0.0, 
20140815, 271, 194375, 194400, 523, 194384,  ,  , 297146, 261750, 10:57:29.0, 194400, dn, -1, 15.1053, 0.884005, 0.884005,  , 6.22746, 0.622746, 10:31:40.0, 8.82455, 0, 0:0:0.0, 0.884005, 8.05137, 0.805137, 10:53:28.0, 15.6768, 0.783838, 10:44:14.0, 15, 8.82455, 0.588304, 9:28:6.0, 28, 19.7926, 0.706877, 9:40:0.0, 
20140815, 37, 194500, 194525, 207, 194504,  ,  , 297298, 266715, 10:57:49.0, 194500, up, 1, 15.0902, -0.301682, 0.301682, 0.301682, 5.92006, 0.592006, 10:43:18.0, 9.12624, 0, 0:0:0.0,  , 8.05137, 0.805137, 10:53:28.0, 15.6768, 0.783838, 10:44:14.0, 16, 9.12624, 0.57039, 9:28:6.0, 28, 19.7926, 0.706877, 9:40:0.0, 
20140815, 64, 194600, 194625, 347, 194604,  ,  , 299613, 268271, 10:58:3.0, 194600, up, 1, 15.0248, -1.30953, 1.30953, 1.30953, 6.92737, 0.692737, 10:45:24.0, 10.4358, 0, 0:0:0.0,  , 8.05137, 0.805137, 10:53:28.0, 15.6768, 0.783838, 10:44:14.0, 17, 10.4358, 0.613869, 9:28:6.0, 28, 19.7926, 0.706877, 9:40:0.0, 
20140815, 300, 194475, 194500, 163, 194491,  ,  , 302907, 268279, 10:58:20.0, 194500, dn, -1, 15.0406, 0.317258, 0.317258,  , 6.92737, 0.692737, 10:45:24.0, 10.4358, 0, 0:0:0.0, 0.317258, 6.74264, 0.674264, 10:53:32.0, 15.704, 0.785199, 10:44:38.0, 17, 10.4358, 0.613869, 9:28:6.0, 29, 20.1098, 0.693442, 9:40:0.0, 
20140815, 253, 194600, 194625, 218, 194613,  ,  , 302942, 270063, 10:58:33.0, 194600, up, 1, 15.0141, -0.529666, 0.529666, 0.529666, 6.94494, 0.694494, 10:47:32.0, 10.9654, 0, 0:0:0.0,  , 6.74264, 0.674264, 10:53:32.0, 15.704, 0.785199, 10:44:38.0, 18, 10.9654, 0.609191, 9:28:6.0, 29, 20.1098, 0.693442, 9:40:0.0, 
20140815, 297, 194475, 194500, 59, 194496,  ,  , 305655, 270217, 10:58:44.0, 194500, dn, -1, 15.04, 0.516834, 0.516834,  , 6.94494, 0.694494, 10:47:32.0, 10.9654, 0, 0:0:0.0, 0.516834, 6.97668, 0.697668, 10:54:37.0, 15.8712, 0.793559, 10:45:6.0, 18, 10.9654, 0.609191, 9:28:6.0, 30, 20.6267, 0.687555, 9:40:0.0, 
20140815, 39, 194600, 194625, 234, 194604,  ,  , 305791, 273006, 10:59:1.0, 194600, up, 1, 15.0374, -0.0523165, 0.0523165, 0.0523165, 6.49593, 0.649593, 10:47:51.0, 11.0177, 0, 0:0:0.0,  , 6.97668, 0.697668, 10:54:37.0, 15.8712, 0.793559, 10:45:6.0, 19, 11.0177, 0.579881, 9:28:6.0, 30, 20.6267, 0.687555, 9:40:0.0, 
20140815, 207, 194700, 194725, 437, 194708,  ,  , 308337, 276056, 10:59:32.0, 194700, up, 1, 14.973, -1.28681, 1.28681, 1.28681, 6.46762, 0.646762, 10:51:28.0, 12.3046, 0.615228, 9:28:6.0,  , 6.97668, 0.697668, 10:54:37.0, 15.8712, 0.793559, 10:45:6.0, 20, 12.3046, 0.615228, 9:28:6.0, 30, 20.6267, 0.687555, 9:40:0.0, 
20140815, 171, 194800, 194825, 422, 194807,  ,  , 308701, 278817, 10:59:40.0, 194800, up, 1, 14.9493, -0.473611, 0.473611, 0.473611, 6.28437, 0.628437, 10:55:38.0, 12.7816, 0.639079, 9:49:22.0,  , 6.97668, 0.697668, 10:54:37.0, 15.8712, 0.793559, 10:45:6.0, 21, 12.7782, 0.608484, 9:28:6.0, 30, 20.6267, 0.687555, 9:40:0.0, 
20140815, 355, 194675, 194700, 45, 194697,  ,  , 315888, 280687, 11:0:14.0, 194700, dn, -1, 14.9976, 0.965836, 0.965836,  , 6.28437, 0.628437, 10:55:38.0, 12.7816, 0.639079, 9:49:22.0, 0.965836, 6.82575, 0.682575, 10:55:14.0, 15.6125, 0.780624, 10:46:32.0, 21, 12.7782, 0.608484, 9:28:6.0, 31, 21.5925, 0.696532, 9:40:0.0, 
20140815, 244, 194800, 194825, 170, 194815,  ,  , 324270, 289725, 11:2:1.0, 194800, up, 1, 14.9002, -1.9482, 1.9482, 1.9482, 7.56106, 0.756106, 10:56:28.0, 13.8431, 0.692154, 9:53:43.0,  , 6.82575, 0.682575, 10:55:14.0, 15.6125, 0.780624, 10:46:32.0, 22, 14.7264, 0.66938, 9:28:6.0, 31, 21.5925, 0.696532, 9:40:0.0, 
20140815, 143, 194900, 194925, 441, 194906,  ,  , 324849, 292124, 11:2:5.0, 194900, up, 1, 14.856, -0.88386, 0.88386, 0.88386, 7.61291, 0.761291, 10:56:47.0, 14.4173, 0.720866, 10:4:1.0,  , 6.82575, 0.682575, 10:55:14.0, 15.6125, 0.780624, 10:46:32.0, 23, 15.6102, 0.678706, 9:28:6.0, 31, 21.5925, 0.696532, 9:40:0.0, 
20140815, 336, 194775, 194800, 25, 194798,  ,  , 328645, 294538, 11:2:25.0, 194800, dn, -1, 14.9188, 1.25555, 1.25555,  , 7.61291, 0.761291, 10:56:47.0, 14.4173, 0.720866, 10:4:1.0, 1.25555, 6.32544, 0.632544, 10:55:24.0, 15.8833, 0.794165, 10:46:40.0, 23, 15.6102, 0.678706, 9:28:6.0, 32, 22.848, 0.714001, 9:40:0.0, 
20140815, 383, 194900, 194925, 687, 194909,  ,  , 328645, 296988, 11:2:31.0, 194900, up, 1, 14.8927, -0.521573, 0.521573, 0.521573, 7.90026, 0.790026, 10:56:59.0, 14.1137, 0.705687, 10:18:38.0,  , 6.32544, 0.632544, 10:55:24.0, 15.8833, 0.794165, 10:46:40.0, 24, 16.1318, 0.672158, 9:28:6.0, 32, 22.848, 0.714001, 9:40:0.0, 
20140815, 299, 194775, 194800, 137, 194792,  ,  , 331153, 296988, 11:2:42.0, 194800, dn, -1, 14.9441, 1.02683, 1.02683,  , 7.90026, 0.790026, 10:56:59.0, 14.1137, 0.705687, 10:18:38.0, 1.02683, 6.93493, 0.693493, 10:55:28.0, 16.6041, 0.830203, 10:47:21.0, 24, 16.1318, 0.672158, 9:28:6.0, 33, 23.8749, 0.723481, 9:40:0.0, 
20140815, 243, 194675, 194700, 66, 194695,  ,  , 332498, 300186, 11:3:24.0, 194700, dn, -1, 14.9981, 1.08121, 1.08121,  , 7.90026, 0.790026, 10:56:59.0, 14.1137, 0.705687, 10:18:38.0, 1.08121, 7.2161, 0.72161, 10:55:32.0, 16.101, 0.805052, 10:49:44.0, 24, 16.1318, 0.672158, 9:28:6.0, 34, 24.9561, 0.734003, 9:40:0.0, 
20140815, 173, 194575, 194600, 121, 194590,  ,  , 341971, 305391, 11:5:35.0, 194600, dn, -1, 15.0101, 0.239992, 0.239992,  , 7.90026, 0.790026, 10:56:59.0, 14.1137, 0.705687, 10:18:38.0, 0.239992, 6.92383, 0.692383, 10:55:34.0, 15.2393, 0.761967, 10:51:1.0, 24, 16.1318, 0.672158, 9:28:6.0, 35, 25.1961, 0.719888, 9:40:0.0, 
20140815, 256, 194475, 194500, 198, 194489,  ,  , 344158, 308398, 11:6:14.0, 194500, dn, -1, 15.081, 1.41779, 1.41779,  , 7.90026, 0.790026, 10:56:59.0, 14.1137, 0.705687, 10:18:38.0, 1.41779, 7.85656, 0.785656, 10:57:8.0, 15.6283, 0.781417, 10:51:56.0, 24, 16.1318, 0.672158, 9:28:6.0, 36, 26.6139, 0.739274, 9:40:0.0, 
20140815, 8, 194600, 194625, 190, 194601,  ,  , 344200, 311409, 11:6:23.0, 194600, up, 1, 15.0344, -0.932783, 0.932783, 0.932783, 8.24003, 0.824003, 10:57:49.0, 14.4675, 0.723374, 10:31:40.0,  , 7.85656, 0.785656, 10:57:8.0, 15.6283, 0.781417, 10:51:56.0, 25, 17.0646, 0.682583, 9:28:6.0, 36, 26.6139, 0.739274, 9:40:0.0, 
20140815, 78, 194700, 194725, 369, 194704,  ,  , 344595, 312770, 11:6:34.0, 194700, up, 1, 14.9779, -1.12894, 1.12894, 1.12894, 9.06729, 0.906729, 10:58:3.0, 14.9873, 0.749367, 10:43:18.0,  , 7.85656, 0.785656, 10:57:8.0, 15.6283, 0.781417, 10:51:56.0, 26, 18.1935, 0.699751, 9:28:6.0, 36, 26.6139, 0.739274, 9:40:0.0, 
20140815, 251, 194575, 194600, 15, 194599,  ,  , 347740, 315880, 11:7:21.0, 194600, dn, -1, 15.0932, 2.30541, 2.30541,  , 9.06729, 0.906729, 10:58:3.0, 14.9873, 0.749367, 10:43:18.0, 2.30541, 10.0107, 1.00107, 10:57:29.0, 17.2536, 0.862682, 10:53:2.0, 26, 18.1935, 0.699751, 9:28:6.0, 37, 28.9193, 0.781602, 9:40:0.0, 
20140815, 53, 194725, 194750, 471, 194728,  ,  , 348833, 321191, 11:8:27.0, 194725, up, 1.25, 15.0427, -1.01012, 0.8081, 0.8081, 8.56586, 0.856586, 10:58:33.0, 15.4932, 0.774661, 10:45:24.0,  , 10.0107, 1.00107, 10:57:29.0, 17.2536, 0.862682, 10:53:2.0, 27, 19.0016, 0.703764, 9:28:6.0, 37, 28.9193, 0.781602, 9:40:0.0, 
20140815, 122, 194825, 194850, 250, 194833,  ,  , 350469, 322434, 11:8:39.0, 194825, up, 1, 15.0132, -0.59084, 0.59084, 0.59084, 8.62703, 0.862703, 10:59:1.0, 15.572, 0.778599, 10:47:32.0,  , 10.0107, 1.00107, 10:57:29.0, 17.2536, 0.862682, 10:53:2.0, 28, 19.5925, 0.699731, 9:28:6.0, 37, 28.9193, 0.781602, 9:40:0.0, 
20140815, 96, 194925, 194950, 381, 194930,  ,  , 359256, 326217, 11:10:37.0, 194925, up, 1, 14.954, -1.18236, 1.18236, 1.18236, 9.75708, 0.975708, 10:59:32.0, 16.253, 0.81265, 10:47:51.0,  , 10.0107, 1.00107, 10:57:29.0, 17.2536, 0.862682, 10:53:2.0, 29, 20.7748, 0.716373, 9:28:6.0, 37, 28.9193, 0.781602, 9:40:0.0, 
20140815, 118, 195025, 195050, 580, 195029,  ,  , 360414, 333638, 11:11:47.0, 195025, up, 1, 14.9058, -0.964856, 0.964856, 0.964856, 9.43513, 0.943513, 10:59:40.0, 15.9027, 0.795137, 10:51:28.0,  , 10.0107, 1.00107, 10:57:29.0, 17.2536, 0.862682, 10:53:2.0, 30, 21.7397, 0.724656, 9:28:6.0, 37, 28.9193, 0.781602, 9:40:0.0, 
20140815, 193, 195125, 195150, 261, 195136,  ,  , 363422, 336561, 11:12:27.0, 195125, up, 1, 14.8156, -1.80461, 1.80461, 1.80461, 10.7661, 1.07661, 11:2:1.0, 17.0505, 0.852525, 10:55:38.0,  , 10.0107, 1.00107, 10:57:29.0, 17.2536, 0.862682, 10:53:2.0, 31, 23.5443, 0.759493, 9:28:6.0, 37, 28.9193, 0.781602, 9:40:0.0, 
20140815, 420, 195000, 195025, 26, 195024,  ,  , 371733, 340598, 11:13:59.0, 195025, dn, -1, 14.8798, 1.28521, 1.28521,  , 10.7661, 1.07661, 11:2:1.0, 17.0505, 0.852525, 10:55:38.0, 1.28521, 10.4119, 1.04119, 10:58:20.0, 18.4633, 0.923165, 10:53:28.0, 31, 23.5443, 0.759493, 9:28:6.0, 38, 30.2045, 0.794855, 9:40:0.0, 
20140815, 102, 195125, 195150, 1010, 195127,  ,  , 375537, 347341, 11:15:53.0, 195125, up, 1, 14.8503, -0.589659, 0.589659, 0.589659, 9.40758, 0.940758, 11:2:5.0, 16.9686, 0.848432, 10:56:28.0,  , 10.4119, 1.04119, 10:58:20.0, 18.4633, 0.923165, 10:53:28.0, 32, 24.134, 0.754186, 9:28:6.0, 38, 30.2045, 0.794855, 9:40:0.0, 
20140815, 400, 195000, 195025, 28, 195023,  ,  , 379605, 347354, 11:17:2.0, 195025, dn, -1, 14.8799, 0.591527, 0.591527,  , 9.40758, 0.940758, 11:2:5.0, 16.9686, 0.848432, 10:56:28.0, 0.591527, 10.6862, 1.06862, 10:58:44.0, 17.4288, 0.871442, 10:53:32.0, 32, 24.134, 0.754186, 9:28:6.0, 39, 30.796, 0.789641, 9:40:0.0, 
20140815, 384, 194900, 194925, 216, 194916,  ,  , 382999, 349550, 11:18:6.0, 194925, dn, -1, 14.8917, 0.235494, 0.235494,  , 9.40758, 0.940758, 11:2:5.0, 16.9686, 0.848432, 10:56:28.0, 0.235494, 10.4049, 1.04049, 11:0:14.0, 17.3815, 0.869076, 10:54:37.0, 32, 24.134, 0.754186, 9:28:6.0, 40, 31.0315, 0.775788, 9:40:0.0, 
20140815, 539, 194800, 194825, 185, 194819,  ,  , 392235, 353357, 11:20:18.0, 194825, dn, -1, 14.9438, 1.04191, 1.04191,  , 9.40758, 0.940758, 11:2:5.0, 16.9686, 0.848432, 10:56:28.0, 1.04191, 10.4809, 1.04809, 11:2:25.0, 17.3067, 0.865334, 10:55:14.0, 32, 24.134, 0.754186, 9:28:6.0, 41, 32.0734, 0.782279, 9:40:0.0, 
20140815, 276, 194675, 194700, 146, 194691,  ,  , 395753, 353690, 11:20:34.0, 194700, dn, -1.25, 14.9821, 0.766873, 0.613498,  , 9.40758, 0.940758, 11:2:5.0, 16.9686, 0.848432, 10:56:28.0, 0.613498, 9.83888, 0.983888, 11:2:42.0, 16.1643, 0.808216, 10:55:24.0, 32, 24.134, 0.754186, 9:28:6.0, 42, 32.6869, 0.77826, 9:40:0.0, 
20140815, 496, 194575, 194600, 137, 194595,  ,  , 406076, 361203, 11:23:9.0, 194600, dn, -1, 15.0039, 0.434702, 0.434702,  , 9.40758, 0.940758, 11:2:5.0, 16.9686, 0.848432, 10:56:28.0, 0.434702, 9.24674, 0.924674, 11:3:24.0, 16.1817, 0.809083, 10:55:28.0, 32, 24.134, 0.754186, 9:28:6.0, 43, 33.1216, 0.77027, 9:40:0.0, 
20140815, 101, 194700, 194725, 616, 194704,  ,  , 406202, 363488, 11:23:32.0, 194700, up, 1, 14.9878, -0.321422, 0.321422, 0.321422, 8.84515, 0.884515, 11:2:31.0, 16.4581, 0.822903, 10:56:47.0,  , 9.24674, 0.924674, 11:3:24.0, 16.1817, 0.809083, 10:55:28.0, 33, 24.4554, 0.741072, 9:28:6.0, 43, 33.1216, 0.77027, 9:40:0.0, 
20140815, 288, 194575, 194600, 179, 194590,  ,  , 409909, 367407, 11:25:12.0, 194600, dn, -1, 15.0472, 1.18879, 1.18879,  , 8.84515, 0.884515, 11:2:31.0, 16.4581, 0.822903, 10:56:47.0, 1.18879, 9.35433, 0.935433, 11:5:35.0, 16.5704, 0.828521, 10:55:32.0, 33, 24.4554, 0.741072, 9:28:6.0, 44, 34.3104, 0.779782, 9:40:0.0, 
20140815, 209, 194475, 194500, 98, 194492,  ,  , 412956, 368129, 11:25:20.0, 194500, dn, -1, 15.063, 0.315394, 0.315394,  , 8.84515, 0.884515, 11:2:31.0, 16.4581, 0.822903, 10:56:47.0, 0.315394, 9.42973, 0.942973, 11:6:14.0, 16.3536, 0.817678, 10:55:34.0, 33, 24.4554, 0.741072, 9:28:6.0, 45, 34.6258, 0.769462, 9:40:0.0, 
20140815, 74, 194600, 194625, 240, 194606,  ,  , 413551, 370393, 11:25:34.0, 194600, up, 1, 15.0103, -1.05379, 1.05379, 1.05379, 9.37736, 0.937736, 11:6:23.0, 17.2776, 0.863881, 10:56:59.0,  , 9.42973, 0.942973, 11:6:14.0, 16.3536, 0.817678, 10:55:34.0, 34, 25.5092, 0.750269, 9:28:6.0, 45, 34.6258, 0.769462, 9:40:0.0, 
20140815, 2, 194700, 194725, 469, 194700,  ,  , 418305, 373806, 11:27:23.0, 194700, up, 1, 15.024, 0.273197, -0.273197, -0.273197, 8.17138, 0.817138, 11:6:34.0, 16.4114, 0.82057, 10:57:49.0,  , 9.42973, 0.942973, 11:6:14.0, 16.3536, 0.817678, 10:55:34.0, 35, 25.236, 0.721027, 9:28:6.0, 45, 34.6258, 0.769462, 9:40:0.0, 
20140815, 264, 194575, 194600, 99, 194593,  ,  , 420234, 373859, 11:28:0.0, 194600, dn, -1, 15.0524, 0.568019, 0.568019,  , 8.17138, 0.817138, 11:6:34.0, 16.4114, 0.82057, 10:57:49.0, 0.568019, 8.57996, 0.857996, 11:7:21.0, 16.4365, 0.821826, 10:57:8.0, 35, 25.236, 0.721027, 9:28:6.0, 46, 35.1938, 0.765083, 9:40:0.0, 
20140815, 285, 194475, 194500, 73, 194495,  ,  , 427478, 378180, 11:29:41.0, 194500, dn, -1, 15.0979, 0.910769, 0.910769,  , 8.17138, 0.817138, 11:6:34.0, 16.4114, 0.82057, 10:57:49.0, 0.910769, 7.18532, 0.718532, 11:13:59.0, 17.196, 0.859802, 10:57:29.0, 35, 25.236, 0.721027, 9:28:6.0, 47, 36.1046, 0.768183, 9:40:0.0, 
20140815, 59, 194600, 194625, 279, 194604,  ,  , 431828, 385079, 11:30:55.0, 194600, up, 1, 15.0176, -1.60649, 1.60649, 1.60649, 8.64893, 0.864893, 11:8:27.0, 17.7162, 0.885811, 10:58:3.0,  , 7.18532, 0.718532, 11:13:59.0, 17.196, 0.859802, 10:57:29.0, 36, 26.8425, 0.745624, 9:28:6.0, 47, 36.1046, 0.768183, 9:40:0.0, 
20140815, 369, 194475, 194500, 69, 194496,  ,  , 442069, 386914, 11:33:13.0, 194500, dn, -1, 15.0503, 0.653799, 0.653799,  , 8.64893, 0.864893, 11:8:27.0, 17.7162, 0.885811, 10:58:3.0, 0.653799, 6.55391, 0.655391, 11:17:2.0, 16.9658, 0.848291, 10:58:20.0, 36, 26.8425, 0.745624, 9:28:6.0, 48, 36.7584, 0.7658, 9:40:0.0, 
20140815, 104, 194600, 194625, 386, 194605,  ,  , 453302, 392651, 11:36:13.0, 194600, up, 1, 15.0031, -0.94388, 0.94388, 0.94388, 8.78471, 0.878471, 11:8:39.0, 17.3506, 0.867529, 10:58:33.0,  , 6.55391, 0.655391, 11:17:2.0, 16.9658, 0.848291, 10:58:20.0, 37, 27.7863, 0.750982, 9:28:6.0, 48, 36.7584, 0.7658, 9:40:0.0, 
20140815, 4, 194700, 194725, 345, 194700,  ,  , 467435, 395851, 11:39:50.0, 194700, up, 1, 14.9893, -0.276314, 0.276314, 0.276314, 8.47018, 0.847018, 11:10:37.0, 17.0972, 0.854861, 10:59:1.0,  , 6.55391, 0.655391, 11:17:2.0, 16.9658, 0.848291, 10:58:20.0, 38, 28.0626, 0.738491, 9:28:6.0, 48, 36.7584, 0.7658, 9:40:0.0, 
20140815, 494, 194575, 194600, 365, 194589,  ,  , 479538, 408053, 11:47:30.0, 194600, dn, -1, 15.0358, 0.930666, 0.930666,  , 8.47018, 0.847018, 11:10:37.0, 17.0972, 0.854861, 10:59:1.0, 0.930666, 6.89305, 0.689305, 11:18:6.0, 17.5792, 0.878962, 10:58:44.0, 38, 28.0626, 0.738491, 9:28:6.0, 49, 37.6891, 0.769165, 9:40:0.0, 
20140815, 130, 194475, 194500, 379, 194481,  ,  , 487523, 408508, 11:50:13.0, 194500, dn, -1, 15.0572, 0.4276, 0.4276,  , 8.47018, 0.847018, 11:10:37.0, 17.0972, 0.854861, 10:59:1.0, 0.4276, 7.08515, 0.708515, 11:20:18.0, 17.49, 0.8745, 11:0:14.0, 38, 28.0626, 0.738491, 9:28:6.0, 50, 38.1167, 0.762333, 9:40:0.0, 
20140815, 269, 194375, 194400, 68, 194395,  ,  , 489547, 408767, 11:50:18.0, 194400, dn, -1, 15.0873, 0.603226, 0.603226,  , 8.47018, 0.847018, 11:10:37.0, 17.0972, 0.854861, 10:59:1.0, 0.603226, 6.64646, 0.664646, 11:20:34.0, 17.1274, 0.85637, 11:2:25.0, 38, 28.0626, 0.738491, 9:28:6.0, 51, 38.7199, 0.759214, 9:40:0.0, 
20140815, 369, 194275, 194300, 13, 194299,  ,  , 495848, 410888, 11:51:34.0, 194300, dn, -1, 15.097, 0.19237, 0.19237,  , 8.47018, 0.847018, 11:10:37.0, 17.0972, 0.854861, 10:59:1.0, 0.19237, 6.22534, 0.622534, 11:23:9.0, 16.0642, 0.803211, 11:2:42.0, 38, 28.0626, 0.738491, 9:28:6.0, 52, 38.9123, 0.748313, 9:40:0.0, 
20140815, 213, 194175, 194200, 217, 194187,  ,  , 502059, 412510, 11:52:37.0, 194200, dn, -1, 15.1433, 0.926023, 0.926023,  , 8.47018, 0.847018, 11:10:37.0, 17.0972, 0.854861, 10:59:1.0, 0.926023, 6.71666, 0.671666, 11:25:12.0, 15.9634, 0.79817, 11:3:24.0, 38, 28.0626, 0.738491, 9:28:6.0, 53, 39.8383, 0.751666, 9:40:0.0, 
20140815, 277, 194075, 194100, 200, 194090,  ,  , 505202, 414434, 11:52:58.0, 194100, dn, -1, 15.1773, 0.679917, 0.679917,  , 8.47018, 0.847018, 11:10:37.0, 17.0972, 0.854861, 10:59:1.0, 0.679917, 6.20778, 0.620778, 11:25:20.0, 15.5621, 0.778106, 11:5:35.0, 38, 28.0626, 0.738491, 9:28:6.0, 54, 40.5182, 0.750337, 9:40:0.0, 
20140815, 310, 193975, 194000, 171, 193991,  ,  , 511010, 419174, 11:53:47.0, 194000, dn, -1, 15.2081, 0.616967, 0.616967,  , 8.47018, 0.847018, 11:10:37.0, 17.0972, 0.854861, 10:59:1.0, 0.616967, 6.50935, 0.650935, 11:28:0.0, 15.9391, 0.796954, 11:6:14.0, 38, 28.0626, 0.738491, 9:28:6.0, 55, 41.1352, 0.747912, 9:40:0.0, 
20140815, 377, 193875, 193900, 36, 193898,  ,  , 520871, 419819, 11:54:42.0, 193900, dn, -1, 15.2486, 0.809267, 0.809267,  , 8.47018, 0.847018, 11:10:37.0, 17.0972, 0.854861, 10:59:1.0, 0.809267, 6.7506, 0.67506, 11:29:41.0, 15.3306, 0.766528, 11:7:21.0, 38, 28.0626, 0.738491, 9:28:6.0, 56, 41.9444, 0.749008, 9:40:0.0, 
20140815, 398, 193775, 193800, 333, 193789,  ,  , 526670, 424749, 11:56:7.0, 193800, dn, -1, 15.2778, 0.584717, 0.584717,  , 8.47018, 0.847018, 11:10:37.0, 17.0972, 0.854861, 10:59:1.0, 0.584717, 6.42455, 0.642455, 11:33:13.0, 13.6099, 0.680493, 11:13:59.0, 38, 28.0626, 0.738491, 9:28:6.0, 57, 42.5292, 0.746125, 9:40:0.0, 
20140815, 253, 193900, 193925, 449, 193909,  ,  , 531358, 435353, 11:57:43.0, 193900, up, 1, 15.2273, -1.01091, 1.01091, 1.01091, 8.29874, 0.829874, 11:11:47.0, 18.0558, 0.902791, 10:59:32.0,  , 6.42455, 0.642455, 11:33:13.0, 13.6099, 0.680493, 11:13:59.0, 39, 29.0736, 0.745476, 9:28:6.0, 57, 42.5292, 0.746125, 9:40:0.0, 
20140815, 13, 194000, 194025, 453, 194001,  ,  , 531421, 441203, 11:58:19.0, 194000, up, 1, 15.2259, -0.0281437, 0.0281437, 0.0281437, 7.36202, 0.736202, 11:12:27.0, 16.7972, 0.839858, 10:59:40.0,  , 6.42455, 0.642455, 11:33:13.0, 13.6099, 0.680493, 11:13:59.0, 40, 29.1017, 0.727543, 9:28:6.0, 57, 42.5292, 0.746125, 9:40:0.0, 
20140815, 157, 194100, 194125, 305, 194108,  ,  , 532178, 446079, 11:59:0.0, 194100, up, 1, 15.1723, -1.07122, 1.07122, 1.07122, 6.62864, 0.662864, 11:15:53.0, 17.3948, 0.869738, 11:2:1.0,  , 6.42455, 0.642455, 11:33:13.0, 13.6099, 0.680493, 11:13:59.0, 41, 30.1729, 0.735925, 9:28:6.0, 57, 42.5292, 0.746125, 9:40:0.0, 
20140815, 285, 193975, 194000, 148, 193991,  ,  , 539294, 449504, 12:1:1.0, 194000, dn, -1, 15.2131, 0.816249, 0.816249,  , 6.62864, 0.662864, 11:15:53.0, 17.3948, 0.869738, 11:2:1.0, 0.816249, 6.587, 0.6587, 11:47:30.0, 13.1409, 0.657045, 11:17:2.0, 41, 30.1729, 0.735925, 9:28:6.0, 58, 43.3454, 0.747334, 9:40:0.0, 
20140815, 428, 193875, 193900, 105, 193895,  ,  , 542894, 450041, 12:1:24.0, 193900, dn, -1, 15.2567, 0.872079, 0.872079,  , 6.62864, 0.662864, 11:15:53.0, 17.3948, 0.869738, 11:2:1.0, 0.872079, 6.52842, 0.652842, 11:50:13.0, 13.4215, 0.671073, 11:18:6.0, 41, 30.1729, 0.735925, 9:28:6.0, 59, 44.2175, 0.749449, 9:40:0.0, 
20140815, 371, 194000, 194025, 271, 194014,  ,  , 544152, 457074, 12:2:52.0, 194000, up, 1, 15.2341, -0.451696, 0.451696, 0.451696, 6.49067, 0.649067, 11:23:32.0, 15.8983, 0.794913, 11:2:5.0,  , 6.52842, 0.652842, 11:50:13.0, 13.4215, 0.671073, 11:18:6.0, 42, 30.6246, 0.729158, 9:28:6.0, 59, 44.2175, 0.749449, 9:40:0.0, 
20140815, 220, 194100, 194125, 335, 194110,  ,  , 547184, 462047, 12:4:50.0, 194100, up, 1, 15.236, 0.0369731, -0.0369731, -0.0369731, 6.13228, 0.613228, 11:25:34.0, 14.9774, 0.748871, 11:2:31.0,  , 6.52842, 0.652842, 11:50:13.0, 13.4215, 0.671073, 11:18:6.0, 43, 30.5877, 0.711341, 9:28:6.0, 59, 44.2175, 0.749449, 9:40:0.0, 
20140815, 251, 194200, 194225, 269, 194212,  ,  , 547614, 467511, 12:5:49.0, 194200, up, 1, 15.2032, -0.654711, 0.654711, 0.654711, 5.73321, 0.573321, 11:27:23.0, 15.1106, 0.755528, 11:6:23.0,  , 6.52842, 0.652842, 11:50:13.0, 13.4215, 0.671073, 11:18:6.0, 44, 31.2424, 0.710054, 9:28:6.0, 59, 44.2175, 0.749449, 9:40:0.0, 
20140815, 95, 194300, 194325, 634, 194303,  ,  , 553158, 473304, 12:8:55.0, 194300, up, 1, 15.1687, -0.690693, 0.690693, 0.690693, 6.6971, 0.66971, 11:30:55.0, 14.8685, 0.743424, 11:6:34.0,  , 6.52842, 0.652842, 11:50:13.0, 13.4215, 0.671073, 11:18:6.0, 45, 31.9331, 0.709623, 9:28:6.0, 59, 44.2175, 0.749449, 9:40:0.0, 
20140815, 284, 194400, 194425, 278, 194413,  ,  , 553607, 476181, 12:9:26.0, 194400, up, 1, 15.1397, -0.579047, 0.579047, 0.579047, 5.66965, 0.566965, 11:36:13.0, 14.3186, 0.715929, 11:8:27.0,  , 6.52842, 0.652842, 11:50:13.0, 13.4215, 0.671073, 11:18:6.0, 46, 32.5121, 0.706785, 9:28:6.0, 59, 44.2175, 0.749449, 9:40:0.0, 
20140815, 411, 194275, 194300, 28, 194298,  ,  , 556480, 476285, 12:10:22.0, 194300, dn, -1, 15.1527, 0.259654, 0.259654,  , 5.66965, 0.566965, 11:36:13.0, 14.3186, 0.715929, 11:8:27.0, 0.259654, 6.36047, 0.636047, 11:50:18.0, 13.4456, 0.672281, 11:20:18.0, 46, 32.5121, 0.706785, 9:28:6.0, 60, 44.4771, 0.741286, 9:40:0.0, 
20140815, 118, 194400, 194425, 336, 194406,  ,  , 556520, 478548, 12:11:11.0, 194400, up, 1, 15.1421, -0.213127, 0.213127, 0.213127, 4.9389, 0.49389, 11:39:50.0, 13.7236, 0.68618, 11:8:39.0,  , 6.36047, 0.636047, 11:50:18.0, 13.4456, 0.672281, 11:20:18.0, 47, 32.7252, 0.696282, 9:28:6.0, 60, 44.4771, 0.741286, 9:40:0.0, 
20140815, 375, 194275, 194300, 1, 194300,  ,  , 560386, 478561, 12:12:58.0, 194300, dn, -1, 15.1512, 0.183367, 0.183367,  , 4.9389, 0.49389, 11:39:50.0, 13.7236, 0.68618, 11:8:39.0, 0.183367, 5.94061, 0.594061, 11:51:34.0, 12.5871, 0.629354, 11:20:34.0, 47, 32.7252, 0.696282, 9:28:6.0, 61, 44.6605, 0.732139, 9:40:0.0, 
20140815, 345, 194175, 194200, 168, 194192,  ,  , 562735, 481287, 12:15:6.0, 194200, dn, -1, 15.2068, 1.11153, 1.11153,  , 4.9389, 0.49389, 11:39:50.0, 13.7236, 0.68618, 11:8:39.0, 1.11153, 6.85977, 0.685977, 11:52:37.0, 13.0851, 0.654255, 11:23:9.0, 47, 32.7252, 0.696282, 9:28:6.0, 62, 45.772, 0.738259, 9:40:0.0, 
20140815, 158, 194300, 194325, 228, 194310,  ,  , 562735, 483491, 12:15:29.0, 194300, up, 1, 15.1615, -0.906672, 0.906672, 0.906672, 5.56925, 0.556925, 11:57:43.0, 14.0394, 0.701972, 11:10:37.0,  , 6.85977, 0.685977, 11:52:37.0, 13.0851, 0.654255, 11:23:9.0, 48, 33.6319, 0.700665, 9:28:6.0, 62, 45.772, 0.738259, 9:40:0.0, 
20140815, 513, 194175, 194200, 139, 194195,  ,  , 566316, 483493, 12:17:22.0, 194200, dn, -1, 15.1615, 0.00107735, 0.00107735,  , 5.56925, 0.556925, 11:57:43.0, 14.0394, 0.701972, 11:10:37.0, 0.00107735, 5.93483, 0.593483, 11:52:58.0, 12.6515, 0.632574, 11:25:12.0, 48, 33.6319, 0.700665, 9:28:6.0, 63, 45.7731, 0.726557, 9:40:0.0, 
20140815, 397, 194075, 194100, 7, 194100,  ,  , 568744, 483920, 12:18:3.0, 194100, dn, -1, 15.2011, 0.791013, 0.791013,  , 5.56925, 0.556925, 11:57:43.0, 14.0394, 0.701972, 11:10:37.0, 0.791013, 6.04592, 0.604592, 11:53:47.0, 12.2537, 0.612685, 11:25:20.0, 48, 33.6319, 0.700665, 9:28:6.0, 64, 46.5641, 0.727564, 9:40:0.0, 
20140815, 412, 194200, 194225, 183, 194217,  ,  , 570389, 485998, 12:19:23.0, 194200, up, 1, 15.1519, -0.983759, 0.983759, 0.983759, 5.5421, 0.55421, 11:58:19.0, 13.8408, 0.692042, 11:11:47.0,  , 6.04592, 0.604592, 11:53:47.0, 12.2537, 0.612685, 11:25:20.0, 49, 34.6157, 0.706442, 9:28:6.0, 64, 46.5641, 0.727564, 9:40:0.0, 
20140815, 212, 194075, 194100, 337, 194085,  ,  , 572109, 486003, 12:19:30.0, 194100, dn, -1, 15.173, 0.421368, 0.421368,  , 5.5421, 0.55421, 11:58:19.0, 13.8408, 0.692042, 11:11:47.0, 0.421368, 5.85032, 0.585032, 11:54:42.0, 12.3597, 0.617984, 11:28:0.0, 49, 34.6157, 0.706442, 9:28:6.0, 65, 46.9855, 0.722854, 9:40:0.0, 
20140815, 60, 194200, 194225, 217, 194205,  ,  , 572127, 487849, 12:19:40.0, 194200, up, 1, 15.1578, -0.302912, 0.302912, 0.302912, 5.81687, 0.581687, 11:59:0.0, 13.1789, 0.658945, 11:12:27.0,  , 5.85032, 0.585032, 11:54:42.0, 12.3597, 0.617984, 11:28:0.0, 50, 34.9186, 0.698371, 9:28:6.0, 65, 46.9855, 0.722854, 9:40:0.0, 
20140815, 241, 194075, 194100, 97, 194093,  ,  , 575530, 489326, 12:22:26.0, 194100, dn, -1, 15.2016, 0.87594, 0.87594,  , 5.81687, 0.581687, 11:59:0.0, 13.1789, 0.658945, 11:12:27.0, 0.87594, 5.917, 0.5917, 11:56:7.0, 12.6676, 0.63338, 11:29:41.0, 50, 34.9186, 0.698371, 9:28:6.0, 66, 47.8614, 0.725173, 9:40:0.0, 
20140815, 38, 194200, 194225, 336, 194203,  ,  , 578427, 490931, 12:24:3.0, 194200, up, 1, 15.149, -1.05325, 1.05325, 1.05325, 5.7989, 0.57989, 12:2:52.0, 12.4275, 0.621377, 11:15:53.0,  , 5.917, 0.5917, 11:56:7.0, 12.6676, 0.63338, 11:29:41.0, 51, 35.9718, 0.70533, 9:28:6.0, 66, 47.8614, 0.725173, 9:40:0.0, 
20140815, 122, 194300, 194325, 312, 194307,  ,  , 578757, 494320, 12:24:56.0, 194300, up, 1, 15.1153, -0.673098, 0.673098, 0.673098, 6.0203, 0.60203, 12:4:50.0, 12.511, 0.625549, 11:23:32.0,  , 5.917, 0.5917, 11:56:7.0, 12.6676, 0.63338, 11:29:41.0, 52, 36.6449, 0.70471, 9:28:6.0, 66, 47.8614, 0.725173, 9:40:0.0, 
20140815, 300, 194400, 194425, 196, 194415,  ,  , 579413, 496931, 12:25:23.0, 194400, up, 1, 15.0648, -1.00977, 1.00977, 1.00977, 7.06704, 0.706704, 12:5:49.0, 13.1993, 0.659966, 11:25:34.0,  , 5.917, 0.5917, 11:56:7.0, 12.6676, 0.63338, 11:29:41.0, 53, 37.6547, 0.710466, 9:28:6.0, 66, 47.8614, 0.725173, 9:40:0.0, 
20140815, 339, 194500, 194525, 599, 194509,  ,  , 581949, 502836, 12:28:43.0, 194500, up, 1, 15.0432, -0.431681, 0.431681, 0.431681, 6.84401, 0.684401, 12:8:55.0, 12.5772, 0.628861, 11:27:23.0,  , 5.917, 0.5917, 11:56:7.0, 12.6676, 0.63338, 11:29:41.0, 54, 38.0864, 0.705303, 9:28:6.0, 66, 47.8614, 0.725173, 9:40:0.0, 
20140815, 130, 194600, 194625, 349, 194607,  ,  , 582336, 508572, 12:29:43.0, 194600, up, 1, 14.9801, -1.26299, 1.26299, 1.26299, 7.41631, 0.741631, 12:9:26.0, 14.1134, 0.70567, 11:30:55.0,  , 5.917, 0.5917, 11:56:7.0, 12.6676, 0.63338, 11:29:41.0, 55, 39.3494, 0.715443, 9:28:6.0, 66, 47.8614, 0.725173, 9:40:0.0, 
20140815, 432, 194475, 194500, 7, 194500,  ,  , 588567, 510164, 12:31:13.0, 194500, dn, -1, 15.0249, 0.895517, 0.895517,  , 7.41631, 0.741631, 12:9:26.0, 14.1134, 0.70567, 11:30:55.0, 0.895517, 6.2278, 0.62278, 12:1:1.0, 12.6523, 0.632617, 11:33:13.0, 55, 39.3494, 0.715443, 9:28:6.0, 67, 48.7569, 0.727716, 9:40:0.0, 
20140815, 65, 194600, 194625, 233, 194605,  ,  , 588567, 511684, 12:31:51.0, 194600, up, 1, 14.9957, -0.582635, 0.582635, 0.582635, 7.4199, 0.74199, 12:11:11.0, 13.0895, 0.654477, 11:36:13.0,  , 6.2278, 0.62278, 12:1:1.0, 12.6523, 0.632617, 11:33:13.0, 56, 39.932, 0.713071, 9:28:6.0, 67, 48.7569, 0.727716, 9:40:0.0, 
20140815, 326, 194475, 194500, 84, 194495,  ,  , 592030, 511687, 12:32:49.0, 194500, dn, -1, 15.0189, 0.463617, 0.463617,  , 7.4199, 0.74199, 12:11:11.0, 13.0895, 0.654477, 11:36:13.0, 0.463617, 5.87516, 0.587516, 12:1:24.0, 12.4622, 0.623108, 11:47:30.0, 56, 39.932, 0.713071, 9:28:6.0, 68, 49.2206, 0.723832, 9:40:0.0, 
20140815, 330, 194375, 194400, 182, 194391,  ,  , 596152, 512904, 12:34:35.0, 194400, dn, -1, 15.046, 0.541089, 0.541089,  , 7.4199, 0.74199, 12:11:11.0, 13.0895, 0.654477, 11:36:13.0, 0.541089, 5.54418, 0.554418, 12:10:22.0, 12.0726, 0.60363, 11:50:13.0, 56, 39.932, 0.713071, 9:28:6.0, 69, 49.7617, 0.721183, 9:40:0.0, 
20140815, 399, 194500, 194525, 217, 194516,  ,  , 599020, 515941, 12:36:29.0, 194500, up, 1, 15.0065, -0.789772, 0.789772, 0.789772, 7.99654, 0.799654, 12:15:29.0, 12.9354, 0.646772, 11:39:50.0,  , 5.54418, 0.554418, 12:10:22.0, 12.0726, 0.60363, 11:50:13.0, 57, 40.7218, 0.714417, 9:28:6.0, 69, 49.7617, 0.721183, 9:40:0.0, 
20140815, 261, 194600, 194625, 185, 194615,  ,  , 600255, 524002, 12:39:16.0, 194600, up, 1, 14.9751, -0.626796, 0.626796, 0.626796, 7.71667, 0.771667, 12:19:23.0, 13.2859, 0.664296, 11:57:43.0,  , 5.54418, 0.554418, 12:10:22.0, 12.0726, 0.60363, 11:50:13.0, 58, 41.3486, 0.712906, 9:28:6.0, 69, 49.7617, 0.721183, 9:40:0.0, 
20140815, 488, 194700, 194725, 1105, 194708,  ,  , 602621, 527654, 12:41:3.0, 194700, up, 1, 14.9471, -0.559692, 0.559692, 0.559692, 7.2926, 0.72926, 12:19:40.0, 12.8347, 0.641735, 11:58:19.0,  , 5.54418, 0.554418, 12:10:22.0, 12.0726, 0.60363, 11:50:13.0, 59, 41.9083, 0.71031, 9:28:6.0, 69, 49.7617, 0.721183, 9:40:0.0, 
20140815, 512, 194575, 194600, 170, 194594,  ,  , 622551, 539487, 12:48:19.0, 194600, dn, -1, 14.9506, 0.069547, 0.069547,  , 7.2926, 0.72926, 12:19:40.0, 12.8347, 0.641735, 11:58:19.0, 0.069547, 5.35407, 0.535407, 12:12:58.0, 11.7145, 0.585727, 11:50:18.0, 59, 41.9083, 0.71031, 9:28:6.0, 70, 49.8312, 0.711874, 9:40:0.0, 
20140815, 771, 194475, 194500, 187, 194495,  ,  , 627581, 543631, 12:51:9.0, 194500, dn, -1, 14.9979, 0.945833, 0.945833,  , 7.2926, 0.72926, 12:19:40.0, 12.8347, 0.641735, 11:58:19.0, 0.945833, 6.11653, 0.611653, 12:15:6.0, 12.0571, 0.602857, 11:51:34.0, 59, 41.9083, 0.71031, 9:28:6.0, 71, 50.777, 0.715169, 9:40:0.0, 
20140815, 161, 194600, 194625, 743, 194604,  ,  , 628666, 547409, 12:54:13.0, 194600, up, 1, 14.9572, -0.814055, 0.814055, 0.814055, 7.80374, 0.780374, 12:24:3.0, 13.6206, 0.681031, 11:59:0.0,  , 6.11653, 0.611653, 12:15:6.0, 12.0571, 0.602857, 11:51:34.0, 60, 42.7223, 0.712039, 9:28:6.0, 71, 50.777, 0.715169, 9:40:0.0, 
20140815, 415, 194475, 194500, 1652, 194480,  ,  , 636059, 552069, 13:0:5.0, 194500, dn, -1, 14.9514, -0.116665, -0.116665,  , 7.80374, 0.780374, 12:24:3.0, 13.6206, 0.681031, 11:59:0.0, -0.116665, 4.88834, 0.488834, 12:17:22.0, 11.7481, 0.587405, 11:52:37.0, 60, 42.7223, 0.712039, 9:28:6.0, 72, 50.6604, 0.703616, 9:40:0.0, 
20140815, 352, 194375, 194400, 46, 194397,  ,  , 642844, 552790, 13:3:12.0, 194400, dn, -1, 14.993, 0.833146, 0.833146,  , 7.80374, 0.780374, 12:24:3.0, 13.6206, 0.681031, 11:59:0.0, 0.833146, 5.7204, 0.57204, 12:18:3.0, 11.6552, 0.582762, 11:52:58.0, 60, 42.7223, 0.712039, 9:28:6.0, 73, 51.4935, 0.705391, 9:40:0.0, 
20140815, 1711, 194275, 194300, 70, 194299,  ,  , 643870, 554115, 13:4:42.0, 194300, dn, -1, 14.9936, 0.0111155, 0.0111155,  , 7.80374, 0.780374, 12:24:3.0, 13.6206, 0.681031, 11:59:0.0, 0.0111155, 4.94051, 0.494051, 12:19:30.0, 10.9864, 0.549322, 11:53:47.0, 60, 42.7223, 0.712039, 9:28:6.0, 74, 51.5046, 0.696009, 9:40:0.0, 
20140815, 213, 194400, 194425, 350, 194409,  ,  , 644442, 557502, 13:7:18.0, 194400, up, 1, 14.9673, -0.526875, 0.526875, 0.526875, 7.27737, 0.727737, 12:24:56.0, 13.0763, 0.653813, 12:2:52.0,  , 4.94051, 0.494051, 12:19:30.0, 10.9864, 0.549322, 11:53:47.0, 61, 43.2492, 0.709003, 9:28:6.0, 74, 51.5046, 0.696009, 9:40:0.0, 
20140815, 221, 194500, 194525, 1005, 194505,  ,  , 644912, 560139, 13:8:21.0, 194500, up, 1, 14.9459, -0.427164, 0.427164, 0.427164, 7.03143, 0.703143, 12:25:23.0, 13.0517, 0.652587, 12:4:50.0,  , 4.94051, 0.494051, 12:19:30.0, 10.9864, 0.549322, 11:53:47.0, 62, 43.6764, 0.704457, 9:28:6.0, 74, 51.5046, 0.696009, 9:40:0.0, 
20140815, 333, 194600, 194625, 459, 194611,  ,  , 645546, 563431, 13:8:31.0, 194600, up, 1, 14.9011, -0.8953, 0.8953, 0.8953, 6.91696, 0.691696, 12:28:43.0, 13.984, 0.6992, 12:5:49.0,  , 4.94051, 0.494051, 12:19:30.0, 10.9864, 0.549322, 11:53:47.0, 63, 44.5717, 0.707487, 9:28:6.0, 74, 51.5046, 0.696009, 9:40:0.0, 
20140815, 1087, 194475, 194500, 32, 194499,  ,  , 669669, 576526, 13:23:57.0, 194500, dn, -1, 14.9267, 0.511034, 0.511034,  , 6.91696, 0.691696, 12:28:43.0, 13.984, 0.6992, 12:5:49.0, 0.511034, 5.03017, 0.503017, 12:22:26.0, 10.8805, 0.544025, 11:54:42.0, 63, 44.5717, 0.707487, 9:28:6.0, 75, 52.0157, 0.693542, 9:40:0.0, 
20140815, 150, 194600, 194625, 855, 194604,  ,  , 669697, 582817, 13:29:59.0, 194600, up, 1, 14.8986, -0.562257, 0.562257, 0.562257, 7.04754, 0.704754, 12:29:43.0, 13.8916, 0.694578, 12:8:55.0,  , 5.03017, 0.503017, 12:22:26.0, 10.8805, 0.544025, 11:54:42.0, 64, 45.1339, 0.705217, 9:28:6.0, 75, 52.0157, 0.693542, 9:40:0.0, 
20140815, 388, 194475, 194500, 133, 194494,  ,  , 670984, 582838, 13:30:56.0, 194500, dn, -1, 14.9281, 0.590544, 0.590544,  , 7.04754, 0.704754, 12:29:43.0, 13.8916, 0.694578, 12:8:55.0, 0.590544, 4.74478, 0.474478, 12:31:13.0, 10.6618, 0.533089, 11:56:7.0, 64, 45.1339, 0.705217, 9:28:6.0, 76, 52.6062, 0.692187, 9:40:0.0, 
20140815, 330, 194375, 194400, 102, 194394,  ,  , 677082, 583534, 13:37:12.0, 194400, dn, -1, 14.9703, 0.844394, 0.844394,  , 7.04754, 0.704754, 12:29:43.0, 13.8916, 0.694578, 12:8:55.0, 0.844394, 4.69366, 0.469366, 12:32:49.0, 10.9215, 0.546073, 12:1:1.0, 64, 45.1339, 0.705217, 9:28:6.0, 77, 53.4506, 0.694164, 9:40:0.0, 
20140815, 68, 194500, 194525, 373, 194504,  ,  , 678413, 587952, 13:40:23.0, 194500, up, 1, 14.9395, -0.61715, 0.61715, 0.61715, 6.4017, 0.64017, 12:31:51.0, 13.818, 0.6909, 12:9:26.0,  , 4.69366, 0.469366, 12:32:49.0, 10.9215, 0.546073, 12:1:1.0, 65, 45.7511, 0.703863, 9:28:6.0, 77, 53.4506, 0.694164, 9:40:0.0, 
20140815, 439, 194375, 194400, 33, 194398,  ,  , 686250, 592967, 13:50:20.0, 194400, dn, -1, 14.9699, 0.609654, 0.609654,  , 6.4017, 0.64017, 12:31:51.0, 13.818, 0.6909, 12:9:26.0, 0.609654, 4.83969, 0.483969, 12:34:35.0, 10.7149, 0.535743, 12:1:24.0, 65, 45.7511, 0.703863, 9:28:6.0, 78, 54.0603, 0.69308, 9:40:0.0, 
20140815, 507, 194500, 194525, 401, 194514,  ,  , 686779, 596275, 13:52:6.0, 194500, up, 1, 14.9489, -0.420407, 0.420407, 0.420407, 6.23947, 0.623947, 12:36:29.0, 13.6594, 0.682968, 12:11:11.0,  , 4.83969, 0.483969, 12:34:35.0, 10.7149, 0.535743, 12:1:24.0, 66, 46.1715, 0.699568, 9:28:6.0, 78, 54.0603, 0.69308, 9:40:0.0, 
20140815, 372, 194375, 194400, 186, 194392,  ,  , 688000, 597329, 13:52:58.0, 194400, dn, -1, 14.9992, 1.00475, 1.00475,  , 6.23947, 0.623947, 12:36:29.0, 13.6594, 0.682968, 12:11:11.0, 1.00475, 5.30336, 0.530336, 12:48:19.0, 10.8475, 0.542377, 12:10:22.0, 66, 46.1715, 0.699568, 9:28:6.0, 79, 55.065, 0.697025, 9:40:0.0, 
20140815, 280, 194275, 194300, 393, 194285,  ,  , 689692, 597624, 13:53:43.0, 194300, dn, -1, 15.0709, 1.43465, 1.43465,  , 6.23947, 0.623947, 12:36:29.0, 13.6594, 0.682968, 12:11:11.0, 1.43465, 6.66845, 0.666845, 12:51:9.0, 12.0225, 0.601126, 12:12:58.0, 66, 46.1715, 0.699568, 9:28:6.0, 80, 56.4997, 0.706246, 9:40:0.0, 
20140815, 100, 194400, 194425, 424, 194405,  ,  , 694922, 604745, 14:1:6.0, 194400, up, 1, 15.0776, 0.134703, -0.134703, -0.134703, 5.315, 0.5315, 12:39:16.0, 13.3115, 0.665577, 12:15:29.0,  , 6.66845, 0.666845, 12:51:9.0, 12.0225, 0.601126, 12:12:58.0, 67, 46.0368, 0.687116, 9:28:6.0, 80, 56.4997, 0.706246, 9:40:0.0, 
20140815, 266, 194500, 194525, 309, 194512,  ,  , 700539, 612625, 14:13:7.0, 194500, up, 1, 15.061, -0.332689, 0.332689, 0.332689, 5.02089, 0.502089, 12:41:3.0, 12.7376, 0.636878, 12:19:23.0,  , 6.66845, 0.666845, 12:51:9.0, 12.0225, 0.601126, 12:12:58.0, 68, 46.3695, 0.681904, 9:28:6.0, 80, 56.4997, 0.706246, 9:40:0.0, 
20140815, 186, 194600, 194625, 620, 194606,  ,  , 705818, 622810, 14:22:58.0, 194600, up, 1, 14.9765, -1.69035, 1.69035, 1.69035, 6.15154, 0.615154, 12:54:13.0, 13.4441, 0.672207, 12:19:40.0,  , 6.66845, 0.666845, 12:51:9.0, 12.0225, 0.601126, 12:12:58.0, 69, 48.0598, 0.696519, 9:28:6.0, 80, 56.4997, 0.706246, 9:40:0.0, 
20140815, 236, 194700, 194725, 888, 194705,  ,  , 706008, 626607, 14:23:54.0, 194700, up, 1, 14.9543, -0.443826, 0.443826, 0.443826, 5.78131, 0.578131, 13:7:18.0, 13.5851, 0.679253, 12:24:3.0,  , 6.66845, 0.666845, 12:51:9.0, 12.0225, 0.601126, 12:12:58.0, 70, 48.5036, 0.692909, 9:28:6.0, 80, 56.4997, 0.706246, 9:40:0.0, 
20140815, 213, 194800, 194825, 527, 194807,  ,  , 707054, 631215, 14:25:1.0, 194800, up, 1, 14.9185, -0.716417, 0.716417, 0.716417, 5.97086, 0.597086, 13:8:21.0, 13.2482, 0.662411, 12:24:56.0,  , 6.66845, 0.666845, 12:51:9.0, 12.0225, 0.601126, 12:12:58.0, 71, 49.22, 0.69324, 9:28:6.0, 80, 56.4997, 0.706246, 9:40:0.0, 
20140815, 299, 194900, 194925, 778, 194907,  ,  , 708943, 638101, 14:26:15.0, 194900, up, 1, 14.9171, -0.0278117, 0.0278117, 0.0278117, 5.5715, 0.55715, 13:8:31.0, 12.6029, 0.630147, 12:25:23.0,  , 6.66845, 0.666845, 12:51:9.0, 12.0225, 0.601126, 12:12:58.0, 72, 49.2479, 0.683998, 9:28:6.0, 80, 56.4997, 0.706246, 9:40:0.0, 
20140815, 274, 195000, 195025, 508, 195009,  ,  , 713527, 648332, 14:29:30.0, 195000, up, 1, 14.8517, -1.30719, 1.30719, 1.30719, 5.98339, 0.598339, 13:29:59.0, 12.9004, 0.645018, 12:28:43.0,  , 6.66845, 0.666845, 12:51:9.0, 12.0225, 0.601126, 12:12:58.0, 73, 50.555, 0.692535, 9:28:6.0, 80, 56.4997, 0.706246, 9:40:0.0, 
20140815, 533, 194875, 194900, 159, 194894,  ,  , 723001, 656578, 14:34:47.0, 194900, dn, -1, 14.8596, 0.158603, 0.158603,  , 5.98339, 0.598339, 13:29:59.0, 12.9004, 0.645018, 12:28:43.0, 0.158603, 5.88122, 0.588122, 13:0:5.0, 11.9978, 0.599888, 12:15:6.0, 73, 50.555, 0.692535, 9:28:6.0, 81, 56.6583, 0.699485, 9:40:0.0, 
20140815, 124, 195000, 195025, 435, 195006,  ,  , 723932, 665560, 14:40:12.0, 195000, up, 1, 14.8116, -0.961454, 0.961454, 0.961454, 6.38259, 0.638259, 13:40:23.0, 13.4301, 0.671506, 12:29:43.0,  , 5.88122, 0.588122, 13:0:5.0, 11.9978, 0.599888, 12:15:6.0, 74, 51.5165, 0.696169, 9:28:6.0, 81, 56.6583, 0.699485, 9:40:0.0, 
20140815, 367, 195100, 195125, 473, 195111,  ,  , 726119, 669929, 14:42:1.0, 195100, up, 1, 14.773, -0.771732, 0.771732, 0.771732, 6.53717, 0.653717, 13:52:6.0, 12.9389, 0.646943, 12:31:51.0,  , 5.88122, 0.588122, 13:0:5.0, 11.9978, 0.599888, 12:15:6.0, 75, 52.2882, 0.697176, 9:28:6.0, 81, 56.6583, 0.699485, 9:40:0.0, 
20140815, 540, 194975, 195000, 88, 194996,  ,  , 737922, 679697, 14:53:22.0, 195000, dn, -1, 14.781, 0.160468, 0.160468,  , 6.53717, 0.653717, 13:52:6.0, 12.9389, 0.646943, 12:31:51.0, 0.160468, 6.15836, 0.615836, 13:3:12.0, 11.0467, 0.552335, 12:17:22.0, 75, 52.2882, 0.697176, 9:28:6.0, 82, 56.8187, 0.692911, 9:40:0.0, 
20140815, 591, 194875, 194900, 105, 194896,  ,  , 744884, 683723, 15:3:54.0, 194900, dn, -1, 14.8132, 0.644904, 0.644904,  , 6.53717, 0.653717, 13:52:6.0, 12.9389, 0.646943, 12:31:51.0, 0.644904, 5.97012, 0.597012, 13:4:42.0, 11.6905, 0.584526, 12:18:3.0, 75, 52.2882, 0.697176, 9:28:6.0, 83, 57.4636, 0.692333, 9:40:0.0, 
20140815, 520, 194775, 194800, 501, 194788,  ,  , 749978, 684165, 15:5:28.0, 194800, dn, -1, 14.8508, 0.751114, 0.751114,  , 6.53717, 0.653717, 13:52:6.0, 12.9389, 0.646943, 12:31:51.0, 0.751114, 6.71011, 0.671011, 13:23:57.0, 11.6506, 0.582531, 12:19:30.0, 75, 52.2882, 0.697176, 9:28:6.0, 84, 58.2147, 0.693033, 9:40:0.0, 
20140815, 71, 194900, 194925, 307, 194905,  ,  , 750069, 687536, 15:6:48.0, 194900, up, 1, 14.7958, -1.09962, 1.09962, 1.09962, 7.21638, 0.721638, 14:1:6.0, 13.4558, 0.672792, 12:36:29.0,  , 6.71011, 0.671011, 13:23:57.0, 11.6506, 0.582531, 12:19:30.0, 76, 53.3879, 0.702472, 9:28:6.0, 84, 58.2147, 0.693033, 9:40:0.0, 
20140815, 502, 194775, 194800, 9, 194800,  ,  , 757365, 697479, 15:23:38.0, 194800, dn, -1, 14.7961, 0.00551883, 0.00551883,  , 7.21638, 0.721638, 14:1:6.0, 13.4558, 0.672792, 12:36:29.0, 0.00551883, 6.2046, 0.62046, 13:30:56.0, 11.2348, 0.561739, 12:22:26.0, 76, 53.3879, 0.702472, 9:28:6.0, 85, 58.2203, 0.684944, 9:40:0.0, 
20140815, 204, 194900, 194925, 657, 194906,  ,  , 757384, 712120, 15:32:31.0, 194900, up, 1, 14.7625, -0.671975, 0.671975, 0.671975, 8.02306, 0.802306, 14:13:7.0, 13.3381, 0.666903, 12:39:16.0,  , 6.2046, 0.62046, 13:30:56.0, 11.2348, 0.561739, 12:22:26.0, 77, 54.0598, 0.702076, 9:28:6.0, 85, 58.2203, 0.684944, 9:40:0.0, 
20140815, 97, 195000, 195025, 1000, 195002,  ,  , 757859, 717014, 15:33:30.0, 195000, up, 1, 14.7441, -0.367986, 0.367986, 0.367986, 8.05835, 0.805835, 14:22:58.0, 13.0792, 0.653962, 12:41:3.0,  , 6.2046, 0.62046, 13:30:56.0, 11.2348, 0.561739, 12:22:26.0, 78, 54.4278, 0.697792, 9:28:6.0, 85, 58.2203, 0.684944, 9:40:0.0, 
20140815, 25, 195100, 195125, 751, 195101,  ,  , 759925, 722957, 15:36:30.0, 195100, up, 1, 14.7323, -0.23593, 0.23593, 0.23593, 6.60394, 0.660394, 14:23:54.0, 12.7555, 0.637774, 12:54:13.0,  , 6.2046, 0.62046, 13:30:56.0, 11.2348, 0.561739, 12:22:26.0, 79, 54.6637, 0.691946, 9:28:6.0, 85, 58.2203, 0.684944, 9:40:0.0, 
20140815, 315, 194975, 195000, 305, 194988,  ,  , 764899, 724603, 15:39:31.0, 195000, dn, -1, 14.7213, -0.219511, -0.219511,  , 6.60394, 0.660394, 14:23:54.0, 12.7555, 0.637774, 12:54:13.0, -0.219511, 5.39454, 0.539454, 13:37:12.0, 10.1393, 0.506966, 12:31:13.0, 79, 54.6637, 0.691946, 9:28:6.0, 86, 58.0008, 0.674427, 9:40:0.0, 
20140815, 510, 195100, 195125, 684, 195111,  ,  , 767604, 741272, 15:50:10.0, 195100, up, 1, 14.6629, -1.16929, 1.16929, 1.16929, 7.3294, 0.73294, 14:25:1.0, 13.1107, 0.655536, 13:7:18.0,  , 5.39454, 0.539454, 13:37:12.0, 10.1393, 0.506966, 12:31:13.0, 80, 55.833, 0.697913, 9:28:6.0, 86, 58.0008, 0.674427, 9:40:0.0, 
20140815, 428, 195200, 195225, 396, 195213,  ,  , 769040, 748653, 15:51:50.0, 195200, up, 1, 14.6204, -0.848831, 0.848831, 0.848831, 7.46182, 0.746182, 14:26:15.0, 13.4327, 0.671634, 13:8:21.0,  , 5.39454, 0.539454, 13:37:12.0, 10.1393, 0.506966, 12:31:13.0, 81, 56.6819, 0.699776, 9:28:6.0, 86, 58.0008, 0.674427, 9:40:0.0, 
20140815, 2, 195300, 195325, 1296, 195300,  ,  , 772762, 762511, 15:53:27.0, 195300, up, 1, 14.6024, -0.360064, 0.360064, 0.360064, 7.79407, 0.779407, 14:29:30.0, 13.3656, 0.668279, 13:8:31.0,  , 5.39454, 0.539454, 13:37:12.0, 10.1393, 0.506966, 12:31:13.0, 82, 57.0419, 0.695633, 9:28:6.0, 86, 58.0008, 0.674427, 9:40:0.0, 
20140815, 1057, 195175, 195200, 1, 195200,  ,  , 791459, 762678, 15:58:48.0, 195200, dn, -1, 14.6554, 1.06054, 1.06054,  , 7.79407, 0.779407, 14:29:30.0, 13.3656, 0.668279, 13:8:31.0, 1.06054, 5.61069, 0.561069, 13:50:20.0, 10.3043, 0.515217, 12:32:49.0, 82, 57.0419, 0.695633, 9:28:6.0, 87, 59.0613, 0.678865, 9:40:0.0, 
20140815, 120, 195300, 195300, 1462, 195300,  ,  , 809803, 824720, 16:15:1.0, 195300, up, 1, 14.5485, -2.13923, 2.13923, 2.13923, 8.62611, 0.862611, 14:40:12.0, 14.6095, 0.730475, 13:29:59.0,  , 5.61069, 0.561069, 13:50:20.0, 10.3043, 0.515217, 12:32:49.0, 83, 59.1812, 0.713026, 9:28:6.0, 87, 59.0613, 0.678865, 9:40:0.0, 
20140815, 181, 195475, 195475, 263, 195475,  ,  , 811969, 831151, 17:46:28.0, 195475, up, 1.75, 14.5747, 0.52413, -0.299503, -0.299503, 7.36515, 0.736515, 14:42:1.0, 13.7477, 0.687387, 13:40:23.0,  , 5.61069, 0.561069, 13:50:20.0, 10.3043, 0.515217, 12:32:49.0, 84, 58.8817, 0.700972, 9:28:6.0, 87, 59.0613, 0.678865, 9:40:0.0, 
20140815, 14, 195275, 195275, 9, 195275,  ,  , 811969, 831151, 17:46:34.0, 195275, dn, -2, 14.5747, 0, 0,  , 7.36515, 0.736515, 14:42:1.0, 13.7477, 0.687387, 13:40:23.0, 0, 5.00103, 0.500103, 13:52:58.0, 9.84073, 0.492036, 12:34:35.0, 84, 58.8817, 0.700972, 9:28:6.0, 88, 59.0613, 0.671151, 9:40:0.0, 
20140815, 40, 195375, 195375, 63, 195375,  ,  , 811969, 831151, 17:55:43.0, 195375, up, 1, 14.5705, -0.0842708, 0.0842708, 0.0842708, 6.67769, 0.667769, 15:6:48.0, 13.2149, 0.660743, 13:52:6.0,  , 5.00103, 0.500103, 13:52:58.0, 9.84073, 0.492036, 12:34:35.0, 85, 58.9659, 0.693717, 9:28:6.0, 88, 59.0613, 0.671151, 9:40:0.0, 
20140815, 46, 195475, 195475, 247, 195475,  ,  , 811969, 831151, 17:58:4.0, 195475, up, 1, 14.5705, 0, -0, -0, 5.57807, 0.557807, 15:32:31.0, 12.7945, 0.639723, 14:1:6.0,  , 5.00103, 0.500103, 13:52:58.0, 9.84073, 0.492036, 12:34:35.0, 86, 58.9659, 0.68565, 9:28:6.0, 88, 59.0613, 0.671151, 9:40:0.0, 
20140815, 284, 195575, 195575, 591, 195575,  ,  , 811969, 831151, 17:59:37.0, 195575, up, 1, 14.5701, -0.00687175, 0.00687175, 0.00687175, 4.91297, 0.491297, 15:33:30.0, 12.936, 0.646801, 14:13:7.0,  , 5.00103, 0.500103, 13:52:58.0, 9.84073, 0.492036, 12:34:35.0, 87, 58.9728, 0.677848, 9:28:6.0, 88, 59.0613, 0.671151, 9:40:0.0, 
20140815, 56, 195750, 195850, 72, 195794,  ,  , 811969, 831382, 18:0:0.0, 195750, up, 1.75, 14.5797, 0.192252, -0.109858, -0.109858, 4.43513, 0.443513, 15:36:30.0, 12.4935, 0.624674, 14:22:58.0,  , 5.00103, 0.500103, 13:52:58.0, 9.84073, 0.492036, 12:34:35.0, 88, 58.8629, 0.668897, 9:28:6.0, 88, 59.0613, 0.671151, 9:40:0.0, 
20140815, 217, 195850, 195875, 85, 195868,  ,  , 812944, 832011, 18:0:0.0, 195850, up, 1, 14.5797, 0, -0, -0, 4.1992, 0.41992, 15:50:10.0, 10.8031, 0.540157, 14:23:54.0,  , 5.00103, 0.500103, 13:52:58.0, 9.84073, 0.492036, 12:34:35.0, 89, 58.8629, 0.661381, 9:28:6.0, 88, 59.0613, 0.671151, 9:40:0.0, 
20140815, 13, 195950, 195975, 36, 195957,  ,  , 813999, 833559, 18:0:34.0, 195950, up, 1, 14.5448, -0.698385, 0.698385, 0.698385, 3.72829, 0.372829, 15:51:50.0, 11.0577, 0.552885, 14:25:1.0,  , 5.00103, 0.500103, 13:52:58.0, 9.84073, 0.492036, 12:34:35.0, 90, 59.5613, 0.661792, 9:28:6.0, 88, 59.0613, 0.671151, 9:40:0.0, 
20140815, 7, 196050, 196075, 36, 196054,  ,  , 814014, 834260, 18:0:42.0, 196050, up, 1, 14.4667, -1.56322, 1.56322, 1.56322, 4.44268, 0.444268, 15:53:27.0, 11.9045, 0.595225, 14:26:15.0,  , 5.00103, 0.500103, 13:52:58.0, 9.84073, 0.492036, 12:34:35.0, 91, 61.1245, 0.671698, 9:28:6.0, 88, 59.0613, 0.671151, 9:40:0.0, 
20140815, 66, 195925, 195950, 2, 195949,  ,  , 814401, 834357, 18:0:55.0, 195950, dn, -1, 14.4222, -0.888889, -0.888889,  , 4.44268, 0.444268, 15:53:27.0, 11.9045, 0.595225, 14:26:15.0, -0.888889, 3.10739, 0.310739, 13:53:43.0, 8.41075, 0.420537, 12:48:19.0, 91, 61.1245, 0.671698, 9:28:6.0, 89, 58.1724, 0.653622, 9:40:0.0, 
20140815, 3, 196050, 196075, 148, 196050,  ,  , 815132, 837502, 18:8:40.0, 196050, up, 1, 14.33, -1.84444, 1.84444, 1.84444, 5.92706, 0.592706, 16:15:1.0, 13.7211, 0.686056, 14:29:30.0,  , 3.10739, 0.310739, 13:53:43.0, 8.41075, 0.420537, 12:48:19.0, 92, 62.969, 0.684446, 9:28:6.0, 89, 58.1724, 0.653622, 9:40:0.0, 
20140815, 98, 195925, 195950, 32, 195944,  ,  , 815584, 838442, 18:10:23.0, 195950, dn, -1, 14.3429, 0.257143, 0.257143,  , 5.92706, 0.592706, 16:15:1.0, 13.7211, 0.686056, 14:29:30.0, 0.257143, 1.92989, 0.192989, 14:34:47.0, 8.59835, 0.429917, 12:51:9.0, 92, 62.969, 0.684446, 9:28:6.0, 90, 58.4295, 0.649217, 9:40:0.0, 
20140815, 142, 195825, 195850, 4, 195849,  ,  , 816988, 838864, 18:30:18.0, 195850, dn, -1, 14.2837, -1.18367, -1.18367,  , 5.92706, 0.592706, 16:15:1.0, 13.7211, 0.686056, 14:29:30.0, -1.18367, 0.587614, 0.0587614, 14:53:22.0, 6.46884, 0.323442, 13:0:5.0, 92, 62.969, 0.684446, 9:28:6.0, 91, 57.2459, 0.629076, 9:40:0.0, 
20140815, 80, 195950, 195975, 68, 195964,  ,  , 817355, 841861, 19:28:0.0, 195950, up, 1, 14.1185, -3.3031, 3.3031, 3.3031, 7.09093, 0.709093, 17:46:28.0, 15.717, 0.785852, 14:40:12.0,  , 0.587614, 0.0587614, 14:53:22.0, 6.46884, 0.323442, 13:0:5.0, 93, 66.2721, 0.712603, 9:28:6.0, 91, 57.2459, 0.629076, 9:40:0.0, 
20140815, 99, 195825, 195850, 12, 195847,  ,  , 819041, 842551, 20:6:32.0, 195850, dn, -1, 14.0667, -1.03704, -1.03704,  , 7.09093, 0.709093, 17:46:28.0, 15.717, 0.785852, 14:40:12.0, -1.03704, -0.609891, -0.0609891, 15:3:54.0, 5.54847, 0.277423, 13:3:12.0, 93, 66.2721, 0.712603, 9:28:6.0, 92, 56.2088, 0.610966, 9:40:0.0, 
20140815, 220, 195725, 195750, 12, 195749,  ,  , 824654, 847666, 22:36:18.0, 195750, dn, -1, 14.1466, 1.59848, 1.59848,  , 7.09093, 0.709093, 17:46:28.0, 15.717, 0.785852, 14:40:12.0, 1.59848, 0.343689, 0.0343689, 15:5:28.0, 6.31381, 0.31569, 13:4:42.0, 93, 66.2721, 0.712603, 9:28:6.0, 93, 57.8073, 0.621584, 9:40:0.0, 
20140815, 705, 195850, 195875, 51, 195873,  ,  , 825479, 850318, 23:55:52.0, 195850, up, 1, 14.1188, -0.556818, 0.556818, 0.556818, 7.94725, 0.794725, 17:55:43.0, 15.3124, 0.76562, 14:42:1.0,  , 0.343689, 0.0343689, 15:5:28.0, 6.31381, 0.31569, 13:4:42.0, 94, 66.8289, 0.710946, 9:28:6.0, 93, 57.8073, 0.621584, 9:40:0.0, 
20140815, 13, 195950, 195975, 205, 195951,  ,  , 827818, 852839, 2:0:28.0, 195950, up, 1, 14.1415, 0.455189, -0.455189, -0.455189, 7.40779, 0.740779, 17:58:4.0, 14.0855, 0.704274, 15:6:48.0,  , 0.343689, 0.0343689, 15:5:28.0, 6.31381, 0.31569, 13:4:42.0, 95, 66.3737, 0.698671, 9:28:6.0, 93, 57.8073, 0.621584, 9:40:0.0, 
20140815, 42, 196050, 196075, 226, 196054,  ,  , 828922, 854582, 2:7:44.0, 196050, up, 1, 14.1272, -0.286071, 0.286071, 0.286071, 7.69386, 0.769386, 17:59:37.0, 13.2719, 0.663597, 15:32:31.0,  , 0.343689, 0.0343689, 15:5:28.0, 6.31381, 0.31569, 13:4:42.0, 96, 66.6598, 0.694373, 9:28:6.0, 93, 57.8073, 0.621584, 9:40:0.0, 
20140815, 238, 195925, 195950, 10, 195949,  ,  , 833460, 854989, 2:48:28.0, 195950, dn, -1, 14.098, -0.583333, -0.583333,  , 7.69386, 0.769386, 17:59:37.0, 13.2719, 0.663597, 15:32:31.0, -0.583333, -0.990758, -0.0990758, 15:23:38.0, 5.71936, 0.285968, 13:23:57.0, 96, 66.6598, 0.694373, 9:28:6.0, 94, 57.224, 0.608766, 9:40:0.0, 
20140815, 57, 196050, 196075, 161, 196057,  ,  , 833961, 860565, 3:3:33.0, 196050, up, 1, 14.0825, -0.311746, 0.311746, 0.311746, 7.99873, 0.799873, 18:0:0.0, 12.9117, 0.645585, 15:33:30.0,  , -0.990758, -0.0990758, 15:23:38.0, 5.71936, 0.285968, 13:23:57.0, 97, 66.9715, 0.690428, 9:28:6.0, 94, 57.224, 0.608766, 9:40:0.0, 
20140815, 46, 196150, 196175, 307, 196153,  ,  , 836316, 864622, 3:15:51.0, 196150, up, 1, 14.0918, 0.186782, -0.186782, -0.186782, 7.92181, 0.792181, 18:0:0.0, 12.3569, 0.617847, 15:36:30.0,  , -0.990758, -0.0990758, 15:23:38.0, 5.71936, 0.285968, 13:23:57.0, 98, 66.7847, 0.681477, 9:28:6.0, 94, 57.224, 0.608766, 9:40:0.0, 
20140815, 42, 196250, 196275, 132, 196256,  ,  , 836830, 866429, 3:18:4.0, 196250, up, 1, 14.0606, -0.623321, 0.623321, 0.623321, 8.54513, 0.854513, 18:0:34.0, 12.7443, 0.637216, 15:50:10.0,  , -0.990758, -0.0990758, 15:23:38.0, 5.71936, 0.285968, 13:23:57.0, 99, 67.4081, 0.68089, 9:28:6.0, 94, 57.224, 0.608766, 9:40:0.0, 
20140815, 274, 196125, 196150, 50, 196146,  ,  , 851413, 872643, 4:2:14.0, 196150, dn, -1, 14.1973, 2.73262, 2.73262,  , 8.54513, 0.854513, 18:0:34.0, 12.7443, 0.637216, 15:50:10.0, 2.73262, 1.73634, 0.173634, 15:39:31.0, 7.94094, 0.397047, 13:30:56.0, 99, 67.4081, 0.68089, 9:28:6.0, 95, 59.9566, 0.631122, 9:40:0.0, 
20140815, 2, 196250, 196275, 237, 196250,  ,  , 851655, 876678, 4:15:56.0, 196250, up, 1, 14.2147, 0.348266, -0.348266, -0.348266, 7.49848, 0.749848, 18:0:42.0, 11.2268, 0.561338, 15:51:50.0,  , 1.73634, 0.173634, 15:39:31.0, 7.94094, 0.397047, 13:30:56.0, 100, 67.0598, 0.670598, 9:28:6.0, 95, 59.9566, 0.631122, 9:40:0.0, 
20140815, 268, 196125, 196150, 94, 196144,  ,  , 854580, 876689, 4:30:25.0, 196150, dn, -1, 14.2036, -0.22196, -0.22196,  , 7.49848, 0.749848, 18:0:42.0, 11.2268, 0.561338, 15:51:50.0, -0.22196, 1.7339, 0.17339, 15:58:48.0, 7.12844, 0.356422, 13:37:12.0, 100, 67.0598, 0.670598, 9:28:6.0, 96, 59.7346, 0.622236, 9:40:0.0, 
20140815, 344, 196025, 196050, 88, 196045,  ,  , 856796, 880281, 4:53:14.0, 196050, dn, -1, 14.2335, 0.597802, 0.597802,  , 7.49848, 0.749848, 18:0:42.0, 11.2268, 0.561338, 15:51:50.0, 0.597802, 1.27116, 0.127116, 17:46:34.0, 6.88185, 0.344092, 13:50:20.0, 100, 67.0598, 0.670598, 9:28:6.0, 97, 60.3325, 0.621984, 9:40:0.0, 
20140815, 10, 196150, 196175, 234, 196151,  ,  , 860454, 894716, 6:21:10.0, 196150, up, 1, 14.2621, 0.573416, -0.573416, -0.573416, 5.36185, 0.536185, 18:8:40.0, 9.80452, 0.490226, 15:53:27.0,  , 1.27116, 0.127116, 17:46:34.0, 6.88185, 0.344092, 13:50:20.0, 101, 66.4864, 0.658281, 9:28:6.0, 97, 60.3325, 0.621984, 9:40:0.0, 
20140815, 79, 196250, 196275, 440, 196254,  ,  , 865494, 898720, 7:16:57.0, 196250, up, 1, 14.244, -0.363577, 0.363577, 0.363577, 3.88098, 0.388098, 19:28:0.0, 9.80804, 0.490402, 16:15:1.0,  , 1.27116, 0.127116, 17:46:34.0, 6.88185, 0.344092, 13:50:20.0, 102, 66.85, 0.655392, 9:28:6.0, 97, 60.3325, 0.621984, 9:40:0.0, 
20140815, 98, 196350, 196375, 337, 196356,  ,  , 867248, 901642, 7:24:42.0, 196350, up, 1, 14.2372, -0.134884, 0.134884, 0.134884, 0.712763, 0.0712763, 23:55:52.0, 7.80369, 0.390185, 17:46:28.0,  , 1.27116, 0.127116, 17:46:34.0, 6.88185, 0.344092, 13:50:20.0, 103, 66.9848, 0.650338, 9:28:6.0, 97, 60.3325, 0.621984, 9:40:0.0, 
20140815, 766, 196225, 196250, 62, 196248,  ,  , 880557, 908230, 8:12:50.0, 196250, dn, -1, 14.2544, 0.343652, 0.343652,  , 0.712763, 0.0712763, 23:55:52.0, 7.80369, 0.390185, 17:46:28.0, 0.343652, 1.61481, 0.161481, 18:0:55.0, 6.61585, 0.330792, 13:52:58.0, 103, 66.9848, 0.650338, 9:28:6.0, 98, 60.6761, 0.619144, 9:40:0.0, 
20140815, 92, 196350, 196375, 575, 196353,  ,  , 888228, 919819, 8:59:34.0, 196350, up, 1, 14.2756, 0.424662, -0.424662, -0.424662, -0.268717, -0.0268717, 2:0:28.0, 7.67853, 0.383927, 17:55:43.0,  , 1.61481, 0.161481, 18:0:55.0, 6.61585, 0.330792, 13:52:58.0, 104, 66.5602, 0.640002, 9:28:6.0, 98, 60.6761, 0.619144, 9:40:0.0, 
